Workbook

Sheet 1ST TERM ACCOUNT
A1: LAST NAME | B1: FIRST NAME | C1: CLASS | D1: DISCOUNT | E1: AD-FORM | F1: FULL TUITION | G1: PTA/EXAM | H1: REPORT CARD | I1: PRACTICALS | J1: AD_FORM | K1: TUITION | L1: PTA&EXAM | M1: REPORT_CARD | N1: PRACTICAL | O1: TEXTBOOKS | P1: NB & STAT | Q1: UNIFORM | R1: HOODY | S1: SPORTSWEAR | T1: AFTERSCHOOL | U1: EXCURSION | V1: EXTERNAL EXAMINATION | W1: GRADUATION/ SPORTS/PARTY | X1: HOLIDAY LESSON | Y1: OUTSTANDING | Z1: TOTAL FEE | AA1: TOTAL PAID | AB1: BALANCE | AC1: LESSON FEE PRY | AD1: LESSON FEE SEC | AE1: PARTY FEE REMIT | AF1: COMMENT
A2: ABDULAZEEZ | B2: ABDULLAH | C2: NURSERY 1 | D2: 0.25 | E2: 0 | F2: 26000 | G2: 4000 | H2: 0 | I2: 0 | J2: =(1-$D2)*E2 -> 0 | K2: =(1-$D2)*F2 -> 19500 | L2: =G2 -> 4000 | M2: =(1-$D2)*H2 -> 0 | N2: =(1-$D2)*I2 -> 0 | O2: 13380 | P2: 7550 | Q2: 0 | R2: 0 | S2: 0 | T2: 6000 | U2: 0 | V2: 0 | W2: 0 | X2: 0 | Y2: 750 | Z2: =SUM(J2:Y2) -> 51180 | AA2: 51180 | AB2: =Z2-AA2 -> 0 | AC2: =IF(AND($T2=6000, ($T2+$W2-$AB2)>=6000),T2,"") -> 6000 | AD2: =IF(AND($T2=8000, ($T2+$W2-$AB2)>=8000),T2,"") | AE2: =IF(($T2+$W2-$AB2)>=$T2+8000,W2,"")
A3: ABDULAZEEZ | B3: FIRDAOS | C3: PRIMARY 2 | D3: 0.25 | E3: 0 | F3: 28000 | G3: 4000 | H3: 0 | I3: 5000 | J3: =(1-$D3)*E3 -> 0 | K3: =(1-$D3)*F3 -> 21000 | L3: =G3 -> 4000 | M3: =(1-$D3)*H3 -> 0 | N3: =(1-$D3)*I3 -> 3750 | O3: 26150 | P3: 11330 | Q3: 0 | R3: 0 | S3: 0 | T3: 6000 | U3: 0 | V3: 0 | W3: 0 | X3: 0 | Y3: 125 | Z3: =SUM(J3:Y3) -> 72355 | AA3: 30000 | AB3: =Z3-AA3 -> 42355 | AC3: =IF(AND($T3=6000, ($T3+$W3-$AB3)>=6000),T3,"") | AD3: =IF(AND($T3=8000, ($T3+$W3-$AB3)>=8000),T3,"") | AE3: =IF(($T3+$W3-$AB3)>=$T3+8000,W3,"")
A4: ABDULLATEEF | B4: MUHAMMED | C4: SENIOR SECONDARY SCHOOL 2 | D4: 0 | E4: 0 | F4: 40000 | G4: 5000 | H4: 2000 | I4: 8000 | J4: =(1-$D4)*E4 -> 0 | K4: =(1-$D4)*F4 -> 40000 | L4: =G4 -> 5000 | M4: =(1-$D4)*H4 -> 2000 | N4: =(1-$D4)*I4 -> 8000 | O4: =11880-6180 -> 5700 | P4: =14330-11400 -> 2930 | Q4: 0 | R4: 0 | S4: 0 | T4: 0 | U4: 0 | V4: 0 | W4: 0 | X4: 0 | Y4: 0 | Z4: =SUM(J4:Y4) -> 63630 | AA4: 40000 | AB4: =Z4-AA4 -> 23630 | AC4: =IF(AND($T4=6000, ($T4+$W4-$AB4)>=6000),T4,"") | AD4: =IF(AND($T4=8000, ($T4+$W4-$AB4)>=8000),T4,"") | AE4: =IF(($T4+$W4-$AB4)>=$T4+8000,W4,"")
A5: ABIDOYE | B5: AL-AMEER OLUWAJOMILOJU | C5: NURSERY 2 | D5: 0.25 | E5: 0 | F5: 26000 | G5: 4000 | H5: 0 | I5: 0 | J5: =(1-$D5)*E5 -> 0 | K5: =(1-$D5)*F5 -> 19500 | L5: =G5 -> 4000 | M5: =(1-$D5)*H5 -> 0 | N5: =(1-$D5)*I5 -> 0 | O5: 24930 | P5: 10730 | Q5: 0 | R5: 0 | S5: 0 | T5: 0 | U5: 0 | V5: 0 | W5: 0 | X5: 0 | Y5: 0 | Z5: =SUM(J5:Y5) -> 59160 | AA5: 0 | AB5: =Z5-AA5 -> 59160 | AC5: =IF(AND($T5=6000, ($T5+$W5-$AB5)>=6000),T5,"") | AD5: =IF(AND($T5=8000, ($T5+$W5-$AB5)>=8000),T5,"") | AE5: =IF(($T5+$W5-$AB5)>=$T5+8000,W5,"")
A6: ABIDOYE | B6: SULTAN ORODE | C6: PLAYGROUP 2 | D6: 0.25 | E6: 0 | F6: 26000 | G6: 4000 | H6: 1000 | I6: 0 | J6: =(1-$D6)*E6 -> 0 | K6: =(1-$D6)*F6 -> 19500 | L6: =G6 -> 4000 | M6: =(1-$D6)*H6 -> 750 | N6: =(1-$D6)*I6 -> 0 | O6: 12480 | P6: 7550 | Q6: 0 | R6: 0 | S6: 0 | T6: 0 | U6: 0 | V6: 0 | W6: 0 | X6: 0 | Y6: 0 | Z6: =SUM(J6:Y6) -> 44280 | AA6: 0 | AB6: =Z6-AA6 -> 44280 | AC6: =IF(AND($T6=6000, ($T6+$W6-$AB6)>=6000),T6,"") | AD6: =IF(AND($T6=8000, ($T6+$W6-$AB6)>=8000),T6,"") | AE6: =IF(($T6+$W6-$AB6)>=$T6+8000,W6,"")
A7: ABIODUN | B7: CHARIS ADEEWA | C7: NURSERY 1 | D7: 0.25 | E7: 0 | F7: 26000 | G7: 4000 | H7: 0 | I7: 0 | J7: =(1-$D7)*E7 -> 0 | K7: =(1-$D7)*F7 -> 19500 | L7: =G7 -> 4000 | M7: =(1-$D7)*H7 -> 0 | N7: =(1-$D7)*I7 -> 0 | O7: 13380 | P7: 7550 | Q7: 0 | R7: 0 | S7: 0 | T7: 0 | U7: 0 | V7: 0 | W7: 0 | X7: 0 | Y7: 0 | Z7: =SUM(J7:Y7) -> 44430 | AA7: 20000 | AB7: =Z7-AA7 -> 24430 | AC7: =IF(AND($T7=6000, ($T7+$W7-$AB7)>=6000),T7,"") | AD7: =IF(AND($T7=8000, ($T7+$W7-$AB7)>=8000),T7,"") | AE7: =IF(($T7+$W7-$AB7)>=$T7+8000,W7,"")
A8: ABIODUN | B8: DANIEL OBANIJESU | C8: PLAYGROUP 2 | D8: 0.25 | E8: 0 | F8: 26000 | G8: 4000 | H8: 1000 | I8: 0 | J8: =(1-$D8)*E8 -> 0 | K8: =(1-$D8)*F8 -> 19500 | L8: =G8 -> 4000 | M8: =(1-$D8)*H8 -> 750 | N8: =(1-$D8)*I8 -> 0 | O8: 12480 | P8: 7550 | Q8: 0 | R8: 0 | S8: 0 | T8: 6000 | U8: 0 | V8: 0 | W8: 0 | X8: 0 | Y8: -90 | Z8: =SUM(J8:Y8) -> 50190 | AA8: 30000 | AB8: =Z8-AA8 -> 20190 | AC8: =IF(AND($T8=6000, ($T8+$W8-$AB8)>=6000),T8,"") | AD8: =IF(AND($T8=8000, ($T8+$W8-$AB8)>=8000),T8,"") | AE8: =IF(($T8+$W8-$AB8)>=$T8+8000,W8,"")
A9: ABIODUN | B9: SHARON ADELEWA | C9: PLAYGROUP 2 | D9: 0.25 | E9: 0 | F9: 26000 | G9: 4000 | H9: 1000 | I9: 0 | J9: =(1-$D9)*E9 -> 0 | K9: =(1-$D9)*F9 -> 19500 | L9: =G9 -> 4000 | M9: =(1-$D9)*H9 -> 750 | N9: =(1-$D9)*I9 -> 0 | O9: 12480 | P9: 7550 | Q9: 0 | R9: 0 | S9: 0 | T9: 0 | U9: 0 | V9: 0 | W9: 0 | X9: 0 | Y9: 0 | Z9: =SUM(J9:Y9) -> 44280 | AA9: 20000 | AB9: =Z9-AA9 -> 24280 | AC9: =IF(AND($T9=6000, ($T9+$W9-$AB9)>=6000),T9,"") | AD9: =IF(AND($T9=8000, ($T9+$W9-$AB9)>=8000),T9,"") | AE9: =IF(($T9+$W9-$AB9)>=$T9+8000,W9,"")
A10: ABIODUN | B10: IVANA ADESEWA | C10: PRIMARY 3 | D10: 0.25 | E10: 0 | F10: 28000 | G10: 4000 | H10: 0 | I10: 5000 | J10: =(1-$D10)*E10 -> 0 | K10: =(1-$D10)*F10 -> 21000 | L10: =G10 -> 4000 | M10: =(1-$D10)*H10 -> 0 | N10: =(1-$D10)*I10 -> 3750 | O10: 27310 | P10: 13230 | Q10: 0 | R10: 0 | S10: 0 | T10: 0 | U10: 0 | V10: 0 | W10: 0 | X10: 0 | Y10: 0 | Z10: =SUM(J10:Y10) -> 69290 | AA10: 20000 | AB10: =Z10-AA10 -> 49290 | AC10: =IF(AND($T10=6000, ($T10+$W10-$AB10)>=6000),T10,"") | AD10: =IF(AND($T10=8000, ($T10+$W10-$AB10)>=8000),T10,"") | AE10: =IF(($T10+$W10-$AB10)>=$T10+8000,W10,"")
A11: ADEBOWALE | B11: MARTIN | C11: PRIMARY 3 | D11: 0 | E11: 2000 | F11: 28000 | G11: 4000 | H11: 2500 | I11: 5000 | J11: =(1-$D11)*E11 -> 2000 | K11: =(1-$D11)*F11 -> 28000 | L11: =G11 -> 4000 | M11: =(1-$D11)*H11 -> 2500 | N11: =(1-$D11)*I11 -> 5000 | O11: 27310 | P11: 13230 | Q11: 16000 | R11: 8000 | S11: 7000 | T11: 6000 | U11: 0 | V11: 0 | W11: 0 | X11: 0 | Y11: 0 | Z11: =SUM(J11:Y11) -> 119040 | AA11: 119000 | AB11: =Z11-AA11 -> 40 | AC11: =IF(AND($T11=6000, ($T11+$W11-$AB11)>=6000),T11,"") | AD11: =IF(AND($T11=8000, ($T11+$W11-$AB11)>=8000),T11,"") | AE11: =IF(($T11+$W11-$AB11)>=$T11+8000,W11,"")
A12: ADEBOYE | B12: ELIZABETH | C12: JUNIOR SECONDARY SCHOOL 2 | D12: 0.25 | E12: 0 | F12: 33000 | G12: 5000 | H12: 2000 | I12: 6000 | J12: =(1-$D12)*E12 -> 0 | K12: =(1-$D12)*F12 -> 24750 | L12: =G12 -> 5000 | M12: =(1-$D12)*H12 -> 1500 | N12: =(1-$D12)*I12 -> 4500 | O12: =19500-11160 -> 8340 | P12: =14330-5700 -> 8630 | Q12: 0 | R12: 0 | S12: 0 | T12: 8000 | U12: 0 | V12: 0 | W12: 0 | X12: 0 | Y12: 750 | Z12: =SUM(J12:Y12) -> 61470 | AA12: 35000 | AB12: =Z12-AA12 -> 26470 | AC12: =IF(AND($T12=6000, ($T12+$W12-$AB12)>=6000),T12,"") | AD12: =IF(AND($T12=8000, ($T12+$W12-$AB12)>=8000),T12,"") | AE12: =IF(($T12+$W12-$AB12)>=$T12+8000,W12,"")
A13: ADEBOYE | B13: ENIOLA ESTHER | C13: SENIOR SECONDARY SCHOOL 1 | D13: 0.25 | E13: 0 | F13: 40000 | G13: 5000 | H13: 2000 | I13: 8000 | J13: =(1-$D13)*E13 -> 0 | K13: =(1-$D13)*F13 -> 30000 | L13: =G13 -> 5000 | M13: =(1-$D13)*H13 -> 1500 | N13: =(1-$D13)*I13 -> 6000 | O13: 0 | P13: =14330-5700 -> 8630 | Q13: 20000 | R13: 0 | S13: 0 | T13: 0 | U13: 0 | V13: 0 | W13: 0 | X13: 0 | Y13: 540 | Z13: =SUM(J13:Y13) -> 71670 | AA13: 35000 | AB13: =Z13-AA13 -> 36670 | AC13: =IF(AND($T13=6000, ($T13+$W13-$AB13)>=6000),T13,"") | AD13: =IF(AND($T13=8000, ($T13+$W13-$AB13)>=8000),T13,"") | AE13: =IF(($T13+$W13-$AB13)>=$T13+8000,W13,"")
A14: ADEBUNMI | B14: ADEYEMI | C14: NURSERY 2 | D14: 0.5 | E14: 0 | F14: 26000 | G14: 4000 | H14: 0 | I14: 0 | J14: =(1-$D14)*E14 -> 0 | K14: =(1-$D14)*F14 -> 13000 | L14: =G14 -> 4000 | M14: =(1-$D14)*H14 -> 0 | N14: =(1-$D14)*I14 -> 0 | O14: 24930 | P14: 10730 | Q14: 0 | R14: 0 | S14: 0 | T14: 0 | U14: 0 | V14: 0 | W14: 0 | X14: 0 | Y14: 0 | Z14: =SUM(J14:Y14) -> 52660 | AA14: 52660 | AB14: =Z14-AA14 -> 0 | AC14: =IF(AND($T14=6000, ($T14+$W14-$AB14)>=6000),T14,"") | AD14: =IF(AND($T14=8000, ($T14+$W14-$AB14)>=8000),T14,"") | AE14: =IF(($T14+$W14-$AB14)>=$T14+8000,W14,"")
A15: ADEBUNMI | B15: ADEOLUWA | C15: PRIMARY 3 | D15: 0.5 | E15: 0 | F15: 28000 | G15: 4000 | H15: 0 | I15: 5000 | J15: =(1-$D15)*E15 -> 0 | K15: =(1-$D15)*F15 -> 14000 | L15: =G15 -> 4000 | M15: =(1-$D15)*H15 -> 0 | N15: =(1-$D15)*I15 -> 2500 | O15: 27310 | P15: 13230 | Q15: 0 | R15: 0 | S15: 0 | T15: 0 | U15: 0 | V15: 0 | W15: 0 | X15: 0 | Y15: -530 | Z15: =SUM(J15:Y15) -> 60510 | AA15: 61090 | AB15: =Z15-AA15 -> -580 | AC15: =IF(AND($T15=6000, ($T15+$W15-$AB15)>=6000),T15,"") | AD15: =IF(AND($T15=8000, ($T15+$W15-$AB15)>=8000),T15,"") | AE15: =IF(($T15+$W15-$AB15)>=$T15+8000,W15,"")
A16: ADEDAMOLA | B16: IREMIDE | C16: PLAYGROUP 1 | D16: 0.05 | E16: 0 | F16: 26000 | G16: 4000 | H16: 1000 | I16: 0 | J16: =(1-$D16)*E16 -> 0 | K16: =(1-$D16)*F16 -> 24700 | L16: =G16 -> 4000 | M16: =(1-$D16)*H16 -> 950 | N16: =(1-$D16)*I16 -> 0 | O16: 6840 | P16: 5300 | Q16: 0 | R16: 0 | S16: 0 | T16: 0 | U16: 0 | V16: 0 | W16: 0 | X16: 0 | Y16: -1000 | Z16: =SUM(J16:Y16) -> 40790 | AA16: 42140 | AB16: =Z16-AA16 -> -1350 | AC16: =IF(AND($T16=6000, ($T16+$W16-$AB16)>=6000),T16,"") | AD16: =IF(AND($T16=8000, ($T16+$W16-$AB16)>=8000),T16,"") | AE16: =IF(($T16+$W16-$AB16)>=$T16+8000,W16,"") | AF16: BONUS
A17: ADEDAYO | B17: DORCAS ADEMIDE | C17: NURSERY 2 | D17: 0.25 | E17: 0 | F17: 26000 | G17: 4000 | H17: 0 | I17: 0 | J17: =(1-$D17)*E17 -> 0 | K17: =(1-$D17)*F17 -> 19500 | L17: =G17 -> 4000 | M17: =(1-$D17)*H17 -> 0 | N17: =(1-$D17)*I17 -> 0 | O17: 24930 | P17: 10730 | Q17: 0 | R17: 0 | S17: 0 | T17: 0 | U17: 0 | V17: 0 | W17: 0 | X17: 0 | Y17: 0 | Z17: =SUM(J17:Y17) -> 59160 | AA17: 40000 | AB17: =Z17-AA17 -> 19160 | AC17: =IF(AND($T17=6000, ($T17+$W17-$AB17)>=6000),T17,"") | AD17: =IF(AND($T17=8000, ($T17+$W17-$AB17)>=8000),T17,"") | AE17: =IF(($T17+$W17-$AB17)>=$T17+8000,W17,"")
A18: ADEDAYO | B18: DEBORAH ADESIRE | C18: PRIMARY 3 | D18: 0.25 | E18: 0 | F18: 28000 | G18: 4000 | H18: 0 | I18: 5000 | J18: =(1-$D18)*E18 -> 0 | K18: =(1-$D18)*F18 -> 21000 | L18: =G18 -> 4000 | M18: =(1-$D18)*H18 -> 0 | N18: =(1-$D18)*I18 -> 3750 | O18: 27310 | P18: 10740 | Q18: 0 | R18: 0 | S18: 0 | T18: 0 | U18: 0 | V18: 0 | W18: 0 | X18: 0 | Y18: 0 | Z18: =SUM(J18:Y18) -> 66800 | AA18: 40000 | AB18: =Z18-AA18 -> 26800 | AC18: =IF(AND($T18=6000, ($T18+$W18-$AB18)>=6000),T18,"") | AD18: =IF(AND($T18=8000, ($T18+$W18-$AB18)>=8000),T18,"") | AE18: =IF(($T18+$W18-$AB18)>=$T18+8000,W18,"")
A19: ADEDINI | B19: MARY OLUWATOFUNMI | C19: SENIOR SECONDARY SCHOOL 1 | D19: 0 | E19: 3000 | F19: 40000 | G19: 5000 | H19: 2000 | I19: 8000 | J19: =(1-$D19)*E19 -> 3000 | K19: =(1-$D19)*F19 -> 40000 | L19: =G19 -> 5000 | M19: =(1-$D19)*H19 -> 2000 | N19: =(1-$D19)*I19 -> 8000 | O19: 11880 | P19: 14330 | Q19: 20000 | R19: 8000 | S19: 8000 | T19: 0 | U19: 0 | V19: 0 | W19: 0 | X19: 0 | Y19: 0 | Z19: =SUM(J19:Y19) -> 120210 | AA19: 120210 | AB19: =Z19-AA19 -> 0 | AC19: =IF(AND($T19=6000, ($T19+$W19-$AB19)>=6000),T19,"") | AD19: =IF(AND($T19=8000, ($T19+$W19-$AB19)>=8000),T19,"") | AE19: =IF(($T19+$W19-$AB19)>=$T19+8000,W19,"")
A20: ADEDOJA | B20: FAITH MORAYOOLUWA | C20: PLAYGROUP 2 | D20: 0.3 | E20: 0 | F20: 26000 | G20: 4000 | H20: 1000 | I20: 0 | J20: =(1-$D20)*E20 -> 0 | K20: =(1-$D20)*F20 -> 18200 | L20: =G20 -> 4000 | M20: =(1-$D20)*H20 -> 700 | N20: =(1-$D20)*I20 -> 0 | O20: 12480 | P20: 7550 | Q20: 0 | R20: 0 | S20: 0 | T20: 6000 | U20: 0 | V20: 0 | W20: 0 | X20: 0 | Y20: 0 | Z20: =SUM(J20:Y20) -> 48930 | AA20: =42930+8765 -> 51695 | AB20: =Z20-AA20 -> -2765 | AC20: =IF(AND($T20=6000, ($T20+$W20-$AB20)>=6000),T20,"") -> 6000 | AD20: =IF(AND($T20=8000, ($T20+$W20-$AB20)>=8000),T20,"") | AE20: =IF(($T20+$W20-$AB20)>=$T20+8000,W20,"") | AF20: BONUS
A21: ADEDOJA | B21: MOJEREOLUWA PROSPER | C21: PRIMARY 1 | D21: 0.3 | E21: 0 | F21: 28000 | G21: 4000 | H21: 2500 | I21: 5000 | J21: =(1-$D21)*E21 -> 0 | K21: =(1-$D21)*F21 -> 19600 | L21: =G21 -> 4000 | M21: =(1-$D21)*H21 -> 1750 | N21: =(1-$D21)*I21 -> 3500 | O21: 25970 | P21: 11330 | Q21: 0 | R21: 0 | S21: 0 | T21: 6000 | U21: 0 | V21: 0 | W21: 0 | X21: 0 | Y21: 0 | Z21: =SUM(J21:Y21) -> 72150 | AA21: 72150 | AB21: =Z21-AA21 -> 0 | AC21: =IF(AND($T21=6000, ($T21+$W21-$AB21)>=6000),T21,"") -> 6000 | AD21: =IF(AND($T21=8000, ($T21+$W21-$AB21)>=8000),T21,"") | AE21: =IF(($T21+$W21-$AB21)>=$T21+8000,W21,"") | AF21: BONUS
A22: ADEDOJA | B22: PRAISE | C22: PRIMARY 5 | D22: 0.25 | E22: 0 | F22: 28000 | G22: 4000 | H22: 0 | I22: 5000 | J22: =(1-$D22)*E22 -> 0 | K22: =(1-$D22)*F22 -> 21000 | L22: =G22 -> 4000 | M22: =(1-$D22)*H22 -> 0 | N22: =(1-$D22)*I22 -> 3750 | O22: 28790 | P22: 13230 | Q22: 0 | R22: 0 | S22: 0 | T22: 6000 | U22: 0 | V22: 0 | W22: 0 | X22: 0 | Y22: 0 | Z22: =SUM(J22:Y22) -> 76770 | AA22: 76770 | AB22: =Z22-AA22 -> 0 | AC22: =IF(AND($T22=6000, ($T22+$W22-$AB22)>=6000),T22,"") -> 6000 | AD22: =IF(AND($T22=8000, ($T22+$W22-$AB22)>=8000),T22,"") | AE22: =IF(($T22+$W22-$AB22)>=$T22+8000,W22,"")
A23: ADEKUNLE | B23: MUMINAT ADEBOLA | C23: JUNIOR SECONDARY SCHOOL 3 | D23: 0.5 | E23: 0 | F23: 33000 | G23: 5000 | H23: 2000 | I23: 6000 | J23: =(1-$D23)*E23 -> 0 | K23: =(1-$D23)*F23 -> 16500 | L23: =G23 -> 5000 | M23: =(1-$D23)*H23 -> 1000 | N23: =(1-$D23)*I23 -> 3000 | O23: 22400 | P23: =14330-5700 -> 8630 | Q23: 0 | R23: 0 | S23: 0 | T23: 8000 | U23: 0 | V23: 0 | W23: 0 | X23: 0 | Y23: 0 | Z23: =SUM(J23:Y23) -> 64530 | AA23: 20000 | AB23: =Z23-AA23 -> 44530 | AC23: =IF(AND($T23=6000, ($T23+$W23-$AB23)>=6000),T23,"") | AD23: =IF(AND($T23=8000, ($T23+$W23-$AB23)>=8000),T23,"") | AE23: =IF(($T23+$W23-$AB23)>=$T23+8000,W23,"")
A24: ADELOYE | B24: PROSPER | C24: JUNIOR SECONDARY SCHOOL 2 | D24: 0.3 | E24: 0 | F24: 33000 | G24: 5000 | H24: 2000 | I24: 6000 | J24: =(1-$D24)*E24 -> 0 | K24: =(1-$D24)*F24 -> 23100 | L24: =G24 -> 5000 | M24: =(1-$D24)*H24 -> 1400 | N24: =(1-$D24)*I24 -> 4200 | O24: 19500 | P24: 14330 | Q24: 0 | R24: 0 | S24: 0 | T24: 0 | U24: 0 | V24: 0 | W24: 0 | X24: 0 | Y24: 0 | Z24: =SUM(J24:Y24) -> 67530 | AA24: 0 | AB24: =Z24-AA24 -> 67530 | AC24: =IF(AND($T24=6000, ($T24+$W24-$AB24)>=6000),T24,"") | AD24: =IF(AND($T24=8000, ($T24+$W24-$AB24)>=8000),T24,"") | AE24: =IF(($T24+$W24-$AB24)>=$T24+8000,W24,"")
A25: ADELOYE | B25: DANIEL | C25: PRIMARY 2 | D25: 0.25 | E25: 0 | F25: 28000 | G25: 4000 | H25: 0 | I25: 5000 | J25: =(1-$D25)*E25 -> 0 | K25: =(1-$D25)*F25 -> 21000 | L25: =G25 -> 4000 | M25: =(1-$D25)*H25 -> 0 | N25: =(1-$D25)*I25 -> 3750 | O25: 26150 | P25: 11330 | Q25: 0 | R25: 0 | S25: 0 | T25: 0 | U25: 0 | V25: 0 | W25: 0 | X25: 0 | Y25: 0 | Z25: =SUM(J25:Y25) -> 66230 | AA25: 0 | AB25: =Z25-AA25 -> 66230 | AC25: =IF(AND($T25=6000, ($T25+$W25-$AB25)>=6000),T25,"") | AD25: =IF(AND($T25=8000, ($T25+$W25-$AB25)>=8000),T25,"") | AE25: =IF(($T25+$W25-$AB25)>=$T25+8000,W25,"")
A26: ADELOYE | B26: EMMANUEL | C26: PRIMARY 2 | D26: 0.25 | E26: 0 | F26: 28000 | G26: 4000 | H26: 0 | I26: 5000 | J26: =(1-$D26)*E26 -> 0 | K26: =(1-$D26)*F26 -> 21000 | L26: =G26 -> 4000 | M26: =(1-$D26)*H26 -> 0 | N26: =(1-$D26)*I26 -> 3750 | O26: 26150 | P26: 11330 | Q26: 0 | R26: 0 | S26: 0 | T26: 0 | U26: 0 | V26: 0 | W26: 0 | X26: 0 | Y26: 0 | Z26: =SUM(J26:Y26) -> 66230 | AA26: 0 | AB26: =Z26-AA26 -> 66230 | AC26: =IF(AND($T26=6000, ($T26+$W26-$AB26)>=6000),T26,"") | AD26: =IF(AND($T26=8000, ($T26+$W26-$AB26)>=8000),T26,"") | AE26: =IF(($T26+$W26-$AB26)>=$T26+8000,W26,"")
A27: ADENIYI | B27: SAMUEL DEMILADE | C27: JUNIOR SECONDARY SCHOOL 2 | D27: 0 | E27: 0 | F27: 33000 | G27: 5000 | H27: 2000 | I27: 6000 | J27: =(1-$D27)*E27 -> 0 | K27: =(1-$D27)*F27 -> 33000 | L27: =G27 -> 5000 | M27: =(1-$D27)*H27 -> 2000 | N27: =(1-$D27)*I27 -> 6000 | O27: 19500 | P27: 14330 | Q27: 0 | R27: 0 | S27: 0 | T27: 0 | U27: 0 | V27: 0 | W27: 0 | X27: 0 | Y27: 0 | Z27: =SUM(J27:Y27) -> 79830 | AA27: 60000 | AB27: =Z27-AA27 -> 19830 | AC27: =IF(AND($T27=6000, ($T27+$W27-$AB27)>=6000),T27,"") | AD27: =IF(AND($T27=8000, ($T27+$W27-$AB27)>=8000),T27,"") | AE27: =IF(($T27+$W27-$AB27)>=$T27+8000,W27,"")
A28: ADENIYI | B28: HERITAGE ADEDOYIN | C28: JUNIOR SECONDARY SCHOOL 3 | D28: 0.55 | E28: 0 | F28: 33000 | G28: 5000 | H28: 2000 | I28: 6000 | J28: =(1-$D28)*E28 -> 0 | K28: =(1-$D28)*F28 -> 14850 | L28: =G28 -> 5000 | M28: =(1-$D28)*H28 -> 900 | N28: =(1-$D28)*I28 -> 2700 | O28: 22400 | P28: 14330 | Q28: 0 | R28: 0 | S28: 0 | T28: 0 | U28: 0 | V28: 0 | W28: 0 | X28: 0 | Y28: 0 | Z28: =SUM(J28:Y28) -> 60180 | AA28: 62230 | AB28: =Z28-AA28 -> -2050 | AC28: =IF(AND($T28=6000, ($T28+$W28-$AB28)>=6000),T28,"") | AD28: =IF(AND($T28=8000, ($T28+$W28-$AB28)>=8000),T28,"") | AE28: =IF(($T28+$W28-$AB28)>=$T28+8000,W28,"") | AF28: BONUS
A29: ADENIYI | B29: ABDULQUDUS | C29: PLAYGROUP 2 | D29: 0 | E29: 0 | F29: 26000 | G29: 4000 | H29: 1000 | I29: 0 | J29: =(1-$D29)*E29 -> 0 | K29: =(1-$D29)*F29 -> 26000 | L29: =G29 -> 4000 | M29: =(1-$D29)*H29 -> 1000 | N29: =(1-$D29)*I29 -> 0 | O29: 12480 | P29: 7550 | Q29: 0 | R29: 0 | S29: 0 | T29: 0 | U29: 0 | V29: 0 | W29: 0 | X29: 0 | Y29: -400 | Z29: =SUM(J29:Y29) -> 50630 | AA29: 0 | AB29: =Z29-AA29 -> 50630 | AC29: =IF(AND($T29=6000, ($T29+$W29-$AB29)>=6000),T29,"") | AD29: =IF(AND($T29=8000, ($T29+$W29-$AB29)>=8000),T29,"") | AE29: =IF(($T29+$W29-$AB29)>=$T29+8000,W29,"")
A30: ADEYANJU | B30: HASBULLAH OKIKIOLA | C30: PLAYGROUP 1 | D30: 0 | E30: 0 | F30: 26000 | G30: 4000 | H30: 1000 | I30: 0 | J30: =(1-$D30)*E30 -> 0 | K30: =(1-$D30)*F30 -> 26000 | L30: =G30 -> 4000 | M30: =(1-$D30)*H30 -> 1000 | N30: =(1-$D30)*I30 -> 0 | O30: 6840 | P30: 5300 | Q30: 16000 | R30: 0 | S30: 0 | T30: 0 | U30: 0 | V30: 0 | W30: 0 | X30: 0 | Y30: 0 | Z30: =SUM(J30:Y30) -> 59140 | AA30: 43140 | AB30: =Z30-AA30 -> 16000 | AC30: =IF(AND($T30=6000, ($T30+$W30-$AB30)>=6000),T30,"") | AD30: =IF(AND($T30=8000, ($T30+$W30-$AB30)>=8000),T30,"") | AE30: =IF(($T30+$W30-$AB30)>=$T30+8000,W30,"")
A31: ADEYEMI | B31: MODADEOBA GBOLAHAN | C31: PLAYGROUP 2 | D31: 0 | E31: 0 | F31: 26000 | G31: 4000 | H31: 1000 | I31: 0 | J31: =(1-$D31)*E31 -> 0 | K31: =(1-$D31)*F31 -> 26000 | L31: =G31 -> 4000 | M31: =(1-$D31)*H31 -> 1000 | N31: =(1-$D31)*I31 -> 0 | O31: 12480 | P31: 7550 | Q31: 0 | R31: 0 | S31: 0 | T31: 0 | U31: 0 | V31: 0 | W31: 0 | X31: 0 | Y31: 11000 | Z31: =SUM(J31:Y31) -> 62030 | AA31: 0 | AB31: =Z31-AA31 -> 62030 | AC31: =IF(AND($T31=6000, ($T31+$W31-$AB31)>=6000),T31,"") | AD31: =IF(AND($T31=8000, ($T31+$W31-$AB31)>=8000),T31,"") | AE31: =IF(($T31+$W31-$AB31)>=$T31+8000,W31,"")
A32: ADEYEMI | B32: ADETOLA PRINCESS | C32: SENIOR SECONDARY SCHOOL 2 | D32: 0 | E32: 0 | F32: 40000 | G32: 5000 | H32: 2000 | I32: 8000 | J32: =(1-$D32)*E32 -> 0 | K32: =(1-$D32)*F32 -> 40000 | L32: =G32 -> 5000 | M32: =(1-$D32)*H32 -> 2000 | N32: =(1-$D32)*I32 -> 8000 | O32: 11880 | P32: =14330-5700 -> 8630 | Q32: 0 | R32: 0 | S32: 0 | T32: 0 | U32: 0 | V32: 0 | W32: 0 | X32: 0 | Y32: 0 | Z32: =SUM(J32:Y32) -> 75510 | AA32: 40000 | AB32: =Z32-AA32 -> 35510 | AC32: =IF(AND($T32=6000, ($T32+$W32-$AB32)>=6000),T32,"") | AD32: =IF(AND($T32=8000, ($T32+$W32-$AB32)>=8000),T32,"") | AE32: =IF(($T32+$W32-$AB32)>=$T32+8000,W32,"")
A33: ADIGUN | B33: AHNAF ARAOLA | C33: PLAYGROUP 1 | D33: 0.05 | E33: 0 | F33: 26000 | G33: 4000 | H33: 1000 | I33: 0 | J33: =(1-$D33)*E33 -> 0 | K33: =(1-$D33)*F33 -> 24700 | L33: =G33 -> 4000 | M33: =(1-$D33)*H33 -> 950 | N33: =(1-$D33)*I33 -> 0 | O33: 6840 | P33: 5300 | Q33: 0 | R33: 0 | S33: 0 | T33: 0 | U33: 0 | V33: 0 | W33: 0 | X33: 0 | Y33: 0 | Z33: =SUM(J33:Y33) -> 41790 | AA33: 43140 | AB33: =Z33-AA33 -> -1350 | AC33: =IF(AND($T33=6000, ($T33+$W33-$AB33)>=6000),T33,"") | AD33: =IF(AND($T33=8000, ($T33+$W33-$AB33)>=8000),T33,"") | AE33: =IF(($T33+$W33-$AB33)>=$T33+8000,W33,"") | AF33: BONUS
A34: AGUNBIADE | B34: CHRISTIANAH OLUWAKEMI | C34: JUNIOR SECONDARY SCHOOL 1 | D34: 0 | E34: 3000 | F34: 33000 | G34: 5000 | H34: 2000 | I34: 6000 | J34: =(1-$D34)*E34 -> 3000 | K34: =(1-$D34)*F34 -> 33000 | L34: =G34 -> 5000 | M34: =(1-$D34)*H34 -> 2000 | N34: =(1-$D34)*I34 -> 6000 | O34: =19320-11160 -> 8160 | P34: 16190 | Q34: 12000 | R34: 8000 | S34: 8000 | T34: 8000 | U34: 0 | V34: 0 | W34: 0 | X34: 0 | Y34: 0 | Z34: =SUM(J34:Y34) -> 109350 | AA34: 60000 | AB34: =Z34-AA34 -> 49350 | AC34: =IF(AND($T34=6000, ($T34+$W34-$AB34)>=6000),T34,"") | AD34: =IF(AND($T34=8000, ($T34+$W34-$AB34)>=8000),T34,"") | AE34: =IF(($T34+$W34-$AB34)>=$T34+8000,W34,"")
A35: AKANDE | B35: MICHELLE OREOFE | C35: CRECHE | D35: 0.25 | E35: 0 | F35: 26000 | G35: 2000 | H35: 0 | I35: 0 | J35: =(1-$D35)*E35 -> 0 | K35: =(1-$D35)*F35 -> 19500 | L35: =G35 -> 2000 | M35: =(1-$D35)*H35 -> 0 | N35: =(1-$D35)*I35 -> 0 | O35: 0 | P35: 3050 | Q35: 0 | R35: 0 | S35: 0 | T35: 0 | U35: 0 | V35: 0 | W35: 0 | X35: 0 | Y35: 0 | Z35: =SUM(J35:Y35) -> 24550 | AA35: 11300 | AB35: =Z35-AA35 -> 13250 | AC35: =IF(AND($T35=6000, ($T35+$W35-$AB35)>=6000),T35,"") | AD35: =IF(AND($T35=8000, ($T35+$W35-$AB35)>=8000),T35,"") | AE35: =IF(($T35+$W35-$AB35)>=$T35+8000,W35,"")
A36: AKANDE | B36: ZION AYANFE | C36: NURSERY 1 | D36: 0.3 | E36: 0 | F36: 26000 | G36: 4000 | H36: 0 | I36: 0 | J36: =(1-$D36)*E36 -> 0 | K36: =(1-$D36)*F36 -> 18200 | L36: =G36 -> 4000 | M36: =(1-$D36)*H36 -> 0 | N36: =(1-$D36)*I36 -> 0 | O36: 13380 | P36: 7550 | Q36: 0 | R36: 0 | S36: 0 | T36: 6000 | U36: 0 | V36: 0 | W36: 0 | X36: 0 | Y36: 0 | Z36: =SUM(J36:Y36) -> 49130 | AA36: 49130 | AB36: =Z36-AA36 -> 0 | AC36: =IF(AND($T36=6000, ($T36+$W36-$AB36)>=6000),T36,"") -> 6000 | AD36: =IF(AND($T36=8000, ($T36+$W36-$AB36)>=8000),T36,"") | AE36: =IF(($T36+$W36-$AB36)>=$T36+8000,W36,"") | AF36: BONUS
A37: AKINBOSOYE | B37: DEBORAH OLUWADARA | C37: NURSERY 2 | D37: 0.25 | E37: 0 | F37: 26000 | G37: 4000 | H37: 0 | I37: 0 | J37: =(1-$D37)*E37 -> 0 | K37: =(1-$D37)*F37 -> 19500 | L37: =G37 -> 4000 | M37: =(1-$D37)*H37 -> 0 | N37: =(1-$D37)*I37 -> 0 | O37: 24930 | P37: 10730 | Q37: 0 | R37: 0 | S37: 0 | T37: 6000 | U37: 0 | V37: 0 | W37: 0 | X37: 0 | Y37: 0 | Z37: =SUM(J37:Y37) -> 65160 | AA37: 35000 | AB37: =Z37-AA37 -> 30160 | AC37: =IF(AND($T37=6000, ($T37+$W37-$AB37)>=6000),T37,"") | AD37: =IF(AND($T37=8000, ($T37+$W37-$AB37)>=8000),T37,"") | AE37: =IF(($T37+$W37-$AB37)>=$T37+8000,W37,"")
A38: AKINBOSOYE | B38: DANIEL IYANUOLUWA | C38: PRIMARY 2 | D38: 0.25 | E38: 0 | F38: 28000 | G38: 4000 | H38: 0 | I38: 5000 | J38: =(1-$D38)*E38 -> 0 | K38: =(1-$D38)*F38 -> 21000 | L38: =G38 -> 4000 | M38: =(1-$D38)*H38 -> 0 | N38: =(1-$D38)*I38 -> 3750 | O38: 26150 | P38: 11330 | Q38: 0 | R38: 0 | S38: 0 | T38: 6000 | U38: 0 | V38: 0 | W38: 0 | X38: 0 | Y38: 250 | Z38: =SUM(J38:Y38) -> 72480 | AA38: 35000 | AB38: =Z38-AA38 -> 37480 | AC38: =IF(AND($T38=6000, ($T38+$W38-$AB38)>=6000),T38,"") | AD38: =IF(AND($T38=8000, ($T38+$W38-$AB38)>=8000),T38,"") | AE38: =IF(($T38+$W38-$AB38)>=$T38+8000,W38,"")
A39: AKINDURO | B39: GABRIELLA OLUWAFIREWAMIRI | C39: PLAYGROUP 1 | D39: 0 | E39: 0 | F39: 26000 | G39: 4000 | H39: 1000 | I39: 0 | J39: =(1-$D39)*E39 -> 0 | K39: =(1-$D39)*F39 -> 26000 | L39: =G39 -> 4000 | M39: =(1-$D39)*H39 -> 1000 | N39: =(1-$D39)*I39 -> 0 | O39: 6840 | P39: 5300 | Q39: 0 | R39: 0 | S39: 0 | T39: 0 | U39: 0 | V39: 0 | W39: 0 | X39: 0 | Y39: 0 | Z39: =SUM(J39:Y39) -> 43140 | AA39: 43140 | AB39: =Z39-AA39 -> 0 | AC39: =IF(AND($T39=6000, ($T39+$W39-$AB39)>=6000),T39,"") | AD39: =IF(AND($T39=8000, ($T39+$W39-$AB39)>=8000),T39,"") | AE39: =IF(($T39+$W39-$AB39)>=$T39+8000,W39,"")
A40: AKINYEMI | B40: DANIEL | C40: NURSERY 1 | D40: 0 | E40: 0 | F40: 26000 | G40: 4000 | H40: 0 | I40: 0 | J40: =(1-$D40)*E40 -> 0 | K40: =(1-$D40)*F40 -> 26000 | L40: =G40 -> 4000 | M40: =(1-$D40)*H40 -> 0 | N40: =(1-$D40)*I40 -> 0 | O40: 13380 | P40: 7550 | Q40: 0 | R40: 0 | S40: 0 | T40: 6000 | U40: 0 | V40: 0 | W40: 0 | X40: 0 | Y40: 0 | Z40: =SUM(J40:Y40) -> 56930 | AA40: 56930 | AB40: =Z40-AA40 -> 0 | AC40: =IF(AND($T40=6000, ($T40+$W40-$AB40)>=6000),T40,"") -> 6000 | AD40: =IF(AND($T40=8000, ($T40+$W40-$AB40)>=8000),T40,"") | AE40: =IF(($T40+$W40-$AB40)>=$T40+8000,W40,"")
A41: AKPAN | B41: FRANCIS | C41: NURSERY 1 | D41: 0 | E41: 2000 | F41: 26000 | G41: 4000 | H41: 1000 | I41: 0 | J41: =(1-$D41)*E41 -> 2000 | K41: =(1-$D41)*F41 -> 26000 | L41: =G41 -> 4000 | M41: =(1-$D41)*H41 -> 1000 | N41: =(1-$D41)*I41 -> 0 | O41: 13380 | P41: 7550 | Q41: 16000 | R41: 8000 | S41: 7000 | T41: 6000 | U41: 0 | V41: 0 | W41: 0 | X41: 0 | Y41: 0 | Z41: =SUM(J41:Y41) -> 90930 | AA41: 50000 | AB41: =Z41-AA41 -> 40930 | AC41: =IF(AND($T41=6000, ($T41+$W41-$AB41)>=6000),T41,"") | AD41: =IF(AND($T41=8000, ($T41+$W41-$AB41)>=8000),T41,"") | AE41: =IF(($T41+$W41-$AB41)>=$T41+8000,W41,"")
A42: ALABI | B42: ADEKUNLE | C42: CRECHE | D42: 0 | E42: 0 | F42: 26000 | G42: 2000 | H42: 0 | I42: 0 | J42: =(1-$D42)*E42 -> 0 | K42: =(1-$D42)*F42 -> 26000 | L42: =G42 -> 2000 | M42: =(1-$D42)*H42 -> 0 | N42: =(1-$D42)*I42 -> 0 | O42: 0 | P42: 3050 | Q42: 0 | R42: 0 | S42: 0 | T42: 0 | U42: 0 | V42: 0 | W42: 0 | X42: 0 | Y42: 0 | Z42: =SUM(J42:Y42) -> 31050 | AA42: 20000 | AB42: =Z42-AA42 -> 11050 | AC42: =IF(AND($T42=6000, ($T42+$W42-$AB42)>=6000),T42,"") | AD42: =IF(AND($T42=8000, ($T42+$W42-$AB42)>=8000),T42,"") | AE42: =IF(($T42+$W42-$AB42)>=$T42+8000,W42,"")
A43: ALADESAYE | B43: AFOLAHANMI VINCENT | C43: PLAYGROUP 1 | D43: 0 | E43: 0 | F43: 26000 | G43: 4000 | H43: 1000 | I43: 0 | J43: =(1-$D43)*E43 -> 0 | K43: =(1-$D43)*F43 -> 26000 | L43: =G43 -> 4000 | M43: =(1-$D43)*H43 -> 1000 | N43: =(1-$D43)*I43 -> 0 | O43: 6840 | P43: 5300 | Q43: 0 | R43: 0 | S43: 0 | T43: 0 | U43: 0 | V43: 0 | W43: 0 | X43: 0 | Y43: 0 | Z43: =SUM(J43:Y43) -> 43140 | AA43: 30000 | AB43: =Z43-AA43 -> 13140 | AC43: =IF(AND($T43=6000, ($T43+$W43-$AB43)>=6000),T43,"") | AD43: =IF(AND($T43=8000, ($T43+$W43-$AB43)>=8000),T43,"") | AE43: =IF(($T43+$W43-$AB43)>=$T43+8000,W43,"")
A44: ALIDU | B44: BOLANLE AZEEZAT | C44: JUNIOR SECONDARY SCHOOL 3 | D44: 0.5 | E44: 0 | F44: 33000 | G44: 5000 | H44: 2000 | I44: 6000 | J44: =(1-$D44)*E44 -> 0 | K44: =(1-$D44)*F44 -> 16500 | L44: =G44 -> 5000 | M44: =(1-$D44)*H44 -> 1000 | N44: =(1-$D44)*I44 -> 3000 | O44: =22400-11160 -> 11240 | P44: =14330-5700 -> 8630 | Q44: 0 | R44: 0 | S44: 0 | T44: 0 | U44: 0 | V44: 0 | W44: 0 | X44: 0 | Y44: -30 | Z44: =SUM(J44:Y44) -> 45340 | AA44: 25000 | AB44: =Z44-AA44 -> 20340 | AC44: =IF(AND($T44=6000, ($T44+$W44-$AB44)>=6000),T44,"") | AD44: =IF(AND($T44=8000, ($T44+$W44-$AB44)>=8000),T44,"") | AE44: =IF(($T44+$W44-$AB44)>=$T44+8000,W44,"")
A45: AWODOLA | B45: JOSHUA AYOMIDE | C45: JUNIOR SECONDARY SCHOOL 3 | D45: 0 | E45: 0 | F45: 33000 | G45: 5000 | H45: 2000 | I45: 6000 | J45: =(1-$D45)*E45 -> 0 | K45: =(1-$D45)*F45 -> 33000 | L45: =G45 -> 5000 | M45: =(1-$D45)*H45 -> 2000 | N45: =(1-$D45)*I45 -> 6000 | O45: 22400 | P45: 14330 | Q45: 0 | R45: 0 | S45: 0 | T45: 0 | U45: 0 | V45: 0 | W45: 0 | X45: 0 | Y45: -8970 | Z45: =SUM(J45:Y45) -> 73760 | AA45: 30000 | AB45: =Z45-AA45 -> 43760 | AC45: =IF(AND($T45=6000, ($T45+$W45-$AB45)>=6000),T45,"") | AD45: =IF(AND($T45=8000, ($T45+$W45-$AB45)>=8000),T45,"") | AE45: =IF(($T45+$W45-$AB45)>=$T45+8000,W45,"")
A46: AYODELE | B46: SANDRA OLUWATOBILOBA | C46: SENIOR SECONDARY SCHOOL 2 | D46: 0 | E46: 0 | F46: 40000 | G46: 5000 | H46: 2000 | I46: 8000 | J46: =(1-$D46)*E46 -> 0 | K46: =(1-$D46)*F46 -> 40000 | L46: =G46 -> 5000 | M46: =(1-$D46)*H46 -> 2000 | N46: =(1-$D46)*I46 -> 8000 | O46: 11880 | P46: =14330-5700 -> 8630 | Q46: 0 | R46: 0 | S46: 0 | T46: 0 | U46: 0 | V46: 0 | W46: 0 | X46: 0 | Y46: 120 | Z46: =SUM(J46:Y46) -> 75630 | AA46: 50000 | AB46: =Z46-AA46 -> 25630 | AC46: =IF(AND($T46=6000, ($T46+$W46-$AB46)>=6000),T46,"") | AD46: =IF(AND($T46=8000, ($T46+$W46-$AB46)>=8000),T46,"") | AE46: =IF(($T46+$W46-$AB46)>=$T46+8000,W46,"")
A47: BAKARE | B47: BEAUTY OLABISI | C47: JUNIOR SECONDARY SCHOOL 3 | D47: 0.25 | E47: 0 | F47: 33000 | G47: 5000 | H47: 2000 | I47: 6000 | J47: =(1-$D47)*E47 -> 0 | K47: =(1-$D47)*F47 -> 24750 | L47: =G47 -> 5000 | M47: =(1-$D47)*H47 -> 1500 | N47: =(1-$D47)*I47 -> 4500 | O47: 22400 | P47: =14330-11400 -> 2930 | Q47: 0 | R47: 0 | S47: 0 | T47: 0 | U47: 0 | V47: 0 | W47: 0 | X47: 0 | Y47: 0 | Z47: =SUM(J47:Y47) -> 61080 | AA47: 0 | AB47: =Z47-AA47 -> 61080 | AC47: =IF(AND($T47=6000, ($T47+$W47-$AB47)>=6000),T47,"") | AD47: =IF(AND($T47=8000, ($T47+$W47-$AB47)>=8000),T47,"") | AE47: =IF(($T47+$W47-$AB47)>=$T47+8000,W47,"")
A48: BAKARE | B48: PRINCESS BEWAJI | C48: SENIOR SECONDARY SCHOOL 2 | D48: 0.25 | E48: 0 | F48: 40000 | G48: 5000 | H48: 2000 | I48: 8000 | J48: =(1-$D48)*E48 -> 0 | K48: =(1-$D48)*F48 -> 30000 | L48: =G48 -> 5000 | M48: =(1-$D48)*H48 -> 1500 | N48: =(1-$D48)*I48 -> 6000 | O48: 11880 | P48: =14330-11400 -> 2930 | Q48: 0 | R48: 0 | S48: 0 | T48: 0 | U48: 0 | V48: 0 | W48: 0 | X48: 0 | Y48: 0 | Z48: =SUM(J48:Y48) -> 57310 | AA48: 0 | AB48: =Z48-AA48 -> 57310 | AC48: =IF(AND($T48=6000, ($T48+$W48-$AB48)>=6000),T48,"") | AD48: =IF(AND($T48=8000, ($T48+$W48-$AB48)>=8000),T48,"") | AE48: =IF(($T48+$W48-$AB48)>=$T48+8000,W48,"")
A49: BENJAMIN | B49: GRANT | C49: PLAYGROUP 1 | D49: 0 | E49: 0 | F49: 26000 | G49: 4000 | H49: 1000 | I49: 0 | J49: =(1-$D49)*E49 -> 0 | K49: =(1-$D49)*F49 -> 26000 | L49: =G49 -> 4000 | M49: =(1-$D49)*H49 -> 1000 | N49: =(1-$D49)*I49 -> 0 | O49: 6840 | P49: 5300 | Q49: 0 | R49: 0 | S49: 0 | T49: 0 | U49: 0 | V49: 0 | W49: 0 | X49: 0 | Y49: 0 | Z49: =SUM(J49:Y49) -> 43140 | AA49: 30000 | AB49: =Z49-AA49 -> 13140 | AC49: =IF(AND($T49=6000, ($T49+$W49-$AB49)>=6000),T49,"") | AD49: =IF(AND($T49=8000, ($T49+$W49-$AB49)>=8000),T49,"") | AE49: =IF(($T49+$W49-$AB49)>=$T49+8000,W49,"")
A50: DAVID | B50: OLUWADARASIMI | C50: NURSERY 2 | D50: 0.25 | E50: 0 | F50: 26000 | G50: 4000 | H50: 0 | I50: 0 | J50: =(1-$D50)*E50 -> 0 | K50: =(1-$D50)*F50 -> 19500 | L50: =G50 -> 4000 | M50: =(1-$D50)*H50 -> 0 | N50: =(1-$D50)*I50 -> 0 | O50: 24930 | P50: 10730 | Q50: 0 | R50: 0 | S50: 0 | T50: 6000 | U50: 0 | V50: 0 | W50: 0 | X50: 0 | Y50: 18500 | Z50: =SUM(J50:Y50) -> 83660 | AA50: 83180 | AB50: =Z50-AA50 -> 480 | AC50: =IF(AND($T50=6000, ($T50+$W50-$AB50)>=6000),T50,"") | AD50: =IF(AND($T50=8000, ($T50+$W50-$AB50)>=8000),T50,"") | AE50: =IF(($T50+$W50-$AB50)>=$T50+8000,W50,"")
A51: DAVID | B51: JESUTOFUNMI DARA | C51: PRIMARY 5 | D51: 0.05 | E51: 0 | F51: 28000 | G51: 4000 | H51: 0 | I51: 5000 | J51: =(1-$D51)*E51 -> 0 | K51: =(1-$D51)*F51 -> 26600 | L51: =G51 -> 4000 | M51: =(1-$D51)*H51 -> 0 | N51: =(1-$D51)*I51 -> 4750 | O51: 28790 | P51: 13230 | Q51: 0 | R51: 0 | S51: 0 | T51: 0 | U51: 0 | V51: 0 | W51: 0 | X51: 0 | Y51: 0 | Z51: =SUM(J51:Y51) -> 77370 | AA51: 79020 | AB51: =Z51-AA51 -> -1650 | AC51: =IF(AND($T51=6000, ($T51+$W51-$AB51)>=6000),T51,"") | AD51: =IF(AND($T51=8000, ($T51+$W51-$AB51)>=8000),T51,"") | AE51: =IF(($T51+$W51-$AB51)>=$T51+8000,W51,"") | AF51: BONUS
A52: EDEM | B52: ZENITH AYOKUNNUMI | C52: PRIMARY 1 | D52: 0 | E52: 0 | F52: 28000 | G52: 4000 | H52: 2500 | I52: 5000 | J52: =(1-$D52)*E52 -> 0 | K52: =(1-$D52)*F52 -> 28000 | L52: =G52 -> 4000 | M52: =(1-$D52)*H52 -> 2500 | N52: =(1-$D52)*I52 -> 5000 | O52: 25970 | P52: 11330 | Q52: 0 | R52: 0 | S52: 0 | T52: 6000 | U52: 0 | V52: 0 | W52: 0 | X52: 0 | Y52: 0 | Z52: =SUM(J52:Y52) -> 82800 | AA52: 82800 | AB52: =Z52-AA52 -> 0 | AC52: =IF(AND($T52=6000, ($T52+$W52-$AB52)>=6000),T52,"") -> 6000 | AD52: =IF(AND($T52=8000, ($T52+$W52-$AB52)>=8000),T52,"") | AE52: =IF(($T52+$W52-$AB52)>=$T52+8000,W52,"")
A53: EMIOLA | B53: OBALOLUWA MUHAMMED | C53: NURSERY 1 | D53: 0.25 | E53: 2000 | F53: 26000 | G53: 4000 | H53: 1000 | I53: 0 | J53: =(1-$D53)*E53 -> 1500 | K53: =(1-$D53)*F53 -> 19500 | L53: =G53 -> 4000 | M53: =(1-$D53)*H53 -> 750 | N53: =(1-$D53)*I53 -> 0 | O53: 13380 | P53: 7550 | Q53: 16000 | R53: 8000 | S53: 7000 | T53: 0 | U53: 0 | V53: 0 | W53: 0 | X53: 0 | Y53: 0 | Z53: =SUM(J53:Y53) -> 77680 | AA53: 50000 | AB53: =Z53-AA53 -> 27680 | AC53: =IF(AND($T53=6000, ($T53+$W53-$AB53)>=6000),T53,"") | AD53: =IF(AND($T53=8000, ($T53+$W53-$AB53)>=8000),T53,"") | AE53: =IF(($T53+$W53-$AB53)>=$T53+8000,W53,"")
A54: EMIOLA | B54: MARVELLOUS QUADRI | C54: PLAYGROUP 1 | D54: 0.25 | E54: 2000 | F54: 26000 | G54: 4000 | H54: 1000 | I54: 0 | J54: =(1-$D54)*E54 -> 1500 | K54: =(1-$D54)*F54 -> 19500 | L54: =G54 -> 4000 | M54: =(1-$D54)*H54 -> 750 | N54: =(1-$D54)*I54 -> 0 | O54: 6840 | P54: 5300 | Q54: 16000 | R54: 8000 | S54: 7000 | T54: 0 | U54: 0 | V54: 0 | W54: 0 | X54: 0 | Y54: 0 | Z54: =SUM(J54:Y54) -> 68890 | AA54: 50000 | AB54: =Z54-AA54 -> 18890
A55: EMORDI | B55: JULIAN KOLADE | C55: PRIMARY 2 | D55: 0.25 | E55: 0 | F55: 28000 | G55: 4000 | H55: 0 | I55: 5000 | J55: =(1-$D55)*E55 -> 0 | K55: =(1-$D55)*F55 -> 21000 | L55: =G55 -> 4000 | M55: =(1-$D55)*H55 -> 0 | N55: =(1-$D55)*I55 -> 3750 | O55: 26150 | P55: 11330 | Q55: 0 | R55: 0 | S55: 0 | T55: 0 | U55: 0 | V55: 0 | W55: 0 | X55: 0 | Y55: 22105 | Z55: =SUM(J55:Y55) -> 88335 | AA55: 64000 | AB55: =Z55-AA55 -> 24335 | AC55: =IF(AND($T55=6000, ($T55+$W55-$AB55)>=6000),T55,"") | AD55: =IF(AND($T55=8000, ($T55+$W55-$AB55)>=8000),T55,"") | AE55: =IF(($T55+$W55-$AB55)>=$T55+8000,W55,"")
A56: EMORDI | B56: JAPHETH ENIOLA | C56: PRIMARY 5 | D56: 0.25 | E56: 0 | F56: 28000 | G56: 4000 | H56: 0 | I56: 5000 | J56: =(1-$D56)*E56 -> 0 | K56: =(1-$D56)*F56 -> 21000 | L56: =G56 -> 4000 | M56: =(1-$D56)*H56 -> 0 | N56: =(1-$D56)*I56 -> 3750 | O56: 28790 | P56: 13230 | Q56: 0 | R56: 0 | S56: 0 | T56: 0 | U56: 0 | V56: 0 | W56: 0 | X56: 0 | Y56: 24395 | Z56: =SUM(J56:Y56) -> 95165 | AA56: 64000 | AB56: =Z56-AA56 -> 31165 | AC56: =IF(AND($T56=6000, ($T56+$W56-$AB56)>=6000),T56,"") | AD56: =IF(AND($T56=8000, ($T56+$W56-$AB56)>=8000),T56,"") | AE56: =IF(($T56+$W56-$AB56)>=$T56+8000,W56,"")
A57: ERIC | B57: OLUWASHINDARA FLOURISH | C57: PLAYGROUP 2 | D57: 0 | E57: 0 | F57: 26000 | G57: 4000 | H57: 1000 | I57: 0 | J57: =(1-$D57)*E57 -> 0 | K57: =(1-$D57)*F57 -> 26000 | L57: =G57 -> 4000 | M57: =(1-$D57)*H57 -> 1000 | N57: =(1-$D57)*I57 -> 0 | O57: 12480 | P57: 7550 | Q57: 0 | R57: 0 | S57: 0 | T57: 0 | U57: 0 | V57: 0 | W57: 0 | X57: 0 | Y57: 0 | Z57: =SUM(J57:Y57) -> 51030 | AA57: 0 | AB57: =Z57-AA57 -> 51030 | AC57: =IF(AND($T57=6000, ($T57+$W57-$AB57)>=6000),T57,"") | AD57: =IF(AND($T57=8000, ($T57+$W57-$AB57)>=8000),T57,"") | AE57: =IF(($T57+$W57-$AB57)>=$T57+8000,W57,"")
A58: FAGBAYI | B58: ASEOLUWA JOSHUA | C58: PLAYGROUP 1 | D58: 0 | E58: 0 | F58: 26000 | G58: 4000 | H58: 1000 | I58: 0 | J58: =(1-$D58)*E58 -> 0 | K58: =(1-$D58)*F58 -> 26000 | L58: =G58 -> 4000 | M58: =(1-$D58)*H58 -> 1000 | N58: =(1-$D58)*I58 -> 0 | O58: 6840 | P58: 5300 | Q58: 0 | R58: 0 | S58: 0 | T58: 0 | U58: 0 | V58: 0 | W58: 0 | X58: 0 | Y58: 2000 | Z58: =SUM(J58:Y58) -> 45140 | AA58: 50440 | AB58: =Z58-AA58 -> -5300 | AC58: =IF(AND($T58=6000, ($T58+$W58-$AB58)>=6000),T58,"") | AD58: =IF(AND($T58=8000, ($T58+$W58-$AB58)>=8000),T58,"") | AE58: =IF(($T58+$W58-$AB58)>=$T58+8000,W58,"")
A59: FASASI | B59: ABDULSAMAD | C59: JUNIOR SECONDARY SCHOOL 3 | D59: 0.25 | E59: 3000 | F59: 33000 | G59: 5000 | H59: 2000 | I59: 6000 | J59: =(1-$D59)*E59 -> 2250 | K59: =(1-$D59)*F59 -> 24750 | L59: =G59 -> 5000 | M59: =(1-$D59)*H59 -> 1500 | N59: =(1-$D59)*I59 -> 4500 | O59: =22400-5160 -> 17240 | P59: 25730 | Q59: 12000 | R59: 8000 | S59: 8000 | T59: 0 | U59: 0 | V59: 0 | W59: 0 | X59: 0 | Y59: 0 | Z59: =SUM(J59:Y59) -> 108970 | AA59: 100000 | AB59: =Z59-AA59 -> 8970 | AC59: =IF(AND($T59=6000, ($T59+$W59-$AB59)>=6000),T59,"") | AD59: =IF(AND($T59=8000, ($T59+$W59-$AB59)>=8000),T59,"") | AE59: =IF(($T59+$W59-$AB59)>=$T59+8000,W59,"")
A60: FASASI | B60: ABDULLATEEF | C60: SENIOR SECONDARY SCHOOL 1 | D60: 0.25 | E60: 3000 | F60: 40000 | G60: 5000 | H60: 2000 | I60: 8000 | J60: =(1-$D60)*E60 -> 2250 | K60: =(1-$D60)*F60 -> 30000 | L60: =G60 -> 5000 | M60: =(1-$D60)*H60 -> 1500 | N60: =(1-$D60)*I60 -> 6000 | O60: 11880 | P60: 14330 | Q60: 20000 | R60: 8000 | S60: 8000 | T60: 0 | U60: 0 | V60: 0 | W60: 0 | X60: 0 | Y60: 0 | Z60: =SUM(J60:Y60) -> 106960 | AA60: 100000 | AB60: =Z60-AA60 -> 6960 | AC60: =IF(AND($T60=6000, ($T60+$W60-$AB60)>=6000),T60,"") | AD60: =IF(AND($T60=8000, ($T60+$W60-$AB60)>=8000),T60,"") | AE60: =IF(($T60+$W60-$AB60)>=$T60+8000,W60,"")
A61: FEYIJIMI | B61: JADEN OLAOLUWA | C61: NURSERY 1 | D61: 0 | E61: 0 | F61: 26000 | G61: 4000 | H61: 0 | I61: 0 | J61: =(1-$D61)*E61 -> 0 | K61: =(1-$D61)*F61 -> 26000 | L61: =G61 -> 4000 | M61: =(1-$D61)*H61 -> 0 | N61: =(1-$D61)*I61 -> 0 | O61: 13380 | P61: 7550 | Q61: 0 | R61: 0 | S61: 0 | T61: 6000 | U61: 0 | V61: 0 | W61: 0 | X61: 0 | Y61: 0 | Z61: =SUM(J61:Y61) -> 56930 | AA61: 56930 | AB61: =Z61-AA61 -> 0 | AC61: =IF(AND($T61=6000, ($T61+$W61-$AB61)>=6000),T61,"") -> 6000 | AD61: =IF(AND($T61=8000, ($T61+$W61-$AB61)>=8000),T61,"") | AE61: =IF(($T61+$W61-$AB61)>=$T61+8000,W61,"")
A62: FRANKLIN | B62: GRACE-ANN ITSHOGHENE | C62: PRIMARY 1 | D62: 0 | E62: 0 | F62: 28000 | G62: 4000 | H62: 2500 | I62: 5000 | J62: =(1-$D62)*E62 -> 0 | K62: =(1-$D62)*F62 -> 28000 | L62: =G62 -> 4000 | M62: =(1-$D62)*H62 -> 2500 | N62: =(1-$D62)*I62 -> 5000 | O62: 25970 | P62: 11330 | Q62: 0 | R62: 0 | S62: 0 | T62: 0 | U62: 0 | V62: 0 | W62: 0 | X62: 0 | Y62: 0 | Z62: =SUM(J62:Y62) -> 76800 | AA62: 50000 | AB62: =Z62-AA62 -> 26800 | AC62: =IF(AND($T62=6000, ($T62+$W62-$AB62)>=6000),T62,"") | AD62: =IF(AND($T62=8000, ($T62+$W62-$AB62)>=8000),T62,"") | AE62: =IF(($T62+$W62-$AB62)>=$T62+8000,W62,"")
A63: GANFO | B63: JOSHUA OLAMIDE | C63: NURSERY 1 | D63: 0.25 | E63: 0 | F63: 26000 | G63: 4000 | H63: 0 | I63: 0 | J63: =(1-$D63)*E63 -> 0 | K63: =(1-$D63)*F63 -> 19500 | L63: =G63 -> 4000 | M63: =(1-$D63)*H63 -> 0 | N63: =(1-$D63)*I63 -> 0 | O63: 13380 | P63: 3950 | Q63: 0 | R63: 0 | S63: 0 | T63: 0 | U63: 0 | V63: 0 | W63: 0 | X63: 0 | Y63: 0 | Z63: =SUM(J63:Y63) -> 40830 | AA63: 30000 | AB63: =Z63-AA63 -> 10830 | AC63: =IF(AND($T63=6000, ($T63+$W63-$AB63)>=6000),T63,"") | AD63: =IF(AND($T63=8000, ($T63+$W63-$AB63)>=8000),T63,"") | AE63: =IF(($T63+$W63-$AB63)>=$T63+8000,W63,"")
A64: GANIYU | B64: FARHAN OLUWAJEDALO | C64: NURSERY 1 | D64: 0.05 | E64: 0 | F64: 26000 | G64: 4000 | H64: 0 | I64: 0 | J64: =(1-$D64)*E64 -> 0 | K64: =(1-$D64)*F64 -> 24700 | L64: =G64 -> 4000 | M64: =(1-$D64)*H64 -> 0 | N64: =(1-$D64)*I64 -> 0 | O64: 13380 | P64: 7550 | Q64: 0 | R64: 0 | S64: 0 | T64: 0 | U64: 0 | V64: 0 | W64: 0 | X64: 0 | Y64: 1000 | Z64: =SUM(J64:Y64) -> 50630 | AA64: 51930 | AB64: =Z64-AA64 -> -1300 | AC64: =IF(AND($T64=6000, ($T64+$W64-$AB64)>=6000),T64,"") | AD64: =IF(AND($T64=8000, ($T64+$W64-$AB64)>=8000),T64,"") | AE64: =IF(($T64+$W64-$AB64)>=$T64+8000,W64,"") | AF64: BONUS
A65: HAMMED | B65: ZAINAB ENIOLA | C65: PRIMARY 1 | D65: 0 | E65: 0 | F65: 28000 | G65: 4000 | H65: 2500 | I65: 5000 | J65: =(1-$D65)*E65 -> 0 | K65: =(1-$D65)*F65 -> 28000 | L65: =G65 -> 4000 | M65: =(1-$D65)*H65 -> 2500 | N65: =(1-$D65)*I65 -> 5000 | O65: 25970 | P65: 11330 | Q65: 0 | R65: 0 | S65: 0 | T65: 0 | U65: 0 | V65: 0 | W65: 0 | X65: 0 | Y65: 550 | Z65: =SUM(J65:Y65) -> 77350 | AA65: 25000 | AB65: =Z65-AA65 -> 52350 | AC65: =IF(AND($T65=6000, ($T65+$W65-$AB65)>=6000),T65,"") | AD65: =IF(AND($T65=8000, ($T65+$W65-$AB65)>=8000),T65,"") | AE65: =IF(($T65+$W65-$AB65)>=$T65+8000,W65,"")
A66: IBITOYE | B66: FELIX TIWATOPE | C66: PRIMARY 3 | D66: 0 | E66: 0 | F66: 28000 | G66: 4000 | H66: 0 | I66: 5000 | J66: =(1-$D66)*E66 -> 0 | K66: =(1-$D66)*F66 -> 28000 | L66: =G66 -> 4000 | M66: =(1-$D66)*H66 -> 0 | N66: =(1-$D66)*I66 -> 5000 | O66: 27310 | P66: 13230 | Q66: 16000 | R66: 0 | S66: 0 | T66: 0 | U66: 0 | V66: 0 | W66: 0 | X66: 0 | Y66: 0 | Z66: =SUM(J66:Y66) -> 93540 | AA66: 50000 | AB66: =Z66-AA66 -> 43540 | AC66: =IF(AND($T66=6000, ($T66+$W66-$AB66)>=6000),T66,"") | AD66: =IF(AND($T66=8000, ($T66+$W66-$AB66)>=8000),T66,"") | AE66: =IF(($T66+$W66-$AB66)>=$T66+8000,W66,"")
A67: IGE | B67: OLUWAFERANMI BRIDGET | C67: JUNIOR SECONDARY SCHOOL 3 | D67: 0.5 | E67: 0 | F67: 33000 | G67: 5000 | H67: 2000 | I67: 6000 | J67: =(1-$D67)*E67 -> 0 | K67: =(1-$D67)*F67 -> 16500 | L67: =G67 -> 5000 | M67: =(1-$D67)*H67 -> 1000 | N67: =(1-$D67)*I67 -> 3000 | O67: 22400 | P67: 14330 | Q67: 0 | R67: 0 | S67: 0 | T67: 0 | U67: 0 | V67: 0 | W67: 0 | X67: 0 | Y67: 0 | Z67: =SUM(J67:Y67) -> 62230 | AA67: 50000 | AB67: =Z67-AA67 -> 12230 | AC67: =IF(AND($T67=6000, ($T67+$W67-$AB67)>=6000),T67,"") | AD67: =IF(AND($T67=8000, ($T67+$W67-$AB67)>=8000),T67,"") | AE67: =IF(($T67+$W67-$AB67)>=$T67+8000,W67,"")
A68: IGE | B68: OLUWAFEMI BRIGHT | C68: PRIMARY 4 | D68: 0.25 | E68: 0 | F68: 28000 | G68: 4000 | H68: 0 | I68: 5000 | J68: =(1-$D68)*E68 -> 0 | K68: =(1-$D68)*F68 -> 21000 | L68: =G68 -> 4000 | M68: =(1-$D68)*H68 -> 0 | N68: =(1-$D68)*I68 -> 3750 | O68: 27330 | P68: 13230 | Q68: 12000 | R68: 0 | S68: 0 | T68: 0 | U68: 0 | V68: 0 | W68: 0 | X68: 0 | Y68: 0 | Z68: =SUM(J68:Y68) -> 81310 | AA68: 50000 | AB68: =Z68-AA68 -> 31310 | AC68: =IF(AND($T68=6000, ($T68+$W68-$AB68)>=6000),T68,"") | AD68: =IF(AND($T68=8000, ($T68+$W68-$AB68)>=8000),T68,"") | AE68: =IF(($T68+$W68-$AB68)>=$T68+8000,W68,"")
A69: ISAAC | B69: EYINJUOLUWA HERITAGE | C69: PRIMARY 2 | D69: 0.25 | E69: 2000 | F69: 28000 | G69: 4000 | H69: 2500 | I69: 5000 | J69: =(1-$D69)*E69 -> 1500 | K69: =(1-$D69)*F69 -> 21000 | L69: =G69 -> 4000 | M69: =(1-$D69)*H69 -> 1875 | N69: =(1-$D69)*I69 -> 3750 | O69: 26150 | P69: 11330 | Q69: 16000 | R69: 8000 | S69: 7000 | T69: 6000 | U69: 0 | V69: 0 | W69: 0 | X69: 0 | Y69: 0 | Z69: =SUM(J69:Y69) -> 106605 | AA69: 70000 | AB69: =Z69-AA69 -> 36605 | AC69: =IF(AND($T69=6000, ($T69+$W69-$AB69)>=6000),T69,"") | AD69: =IF(AND($T69=8000, ($T69+$W69-$AB69)>=8000),T69,"") | AE69: =IF(($T69+$W69-$AB69)>=$T69+8000,W69,"")
A70: ISMAIL | B70: MABUB | C70: CRECHE | D70: 0 | E70: 2000 | F70: 26000 | G70: 2000 | H70: 0 | I70: 0 | J70: =(1-$D70)*E70 -> 2000 | K70: =(1-$D70)*F70 -> 26000 | L70: =G70 -> 2000 | M70: =(1-$D70)*H70 -> 0 | N70: =(1-$D70)*I70 -> 0 | O70: 0 | P70: 3050 | Q70: 0 | R70: 0 | S70: 0 | T70: 0 | U70: 0 | V70: 0 | W70: 0 | X70: 0 | Y70: 0 | Z70: =SUM(J70:Y70) -> 33050 | AA70: 20000 | AB70: =Z70-AA70 -> 13050 | AC70: =IF(AND($T70=6000, ($T70+$W70-$AB70)>=6000),T70,"") | AD70: =IF(AND($T70=8000, ($T70+$W70-$AB70)>=8000),T70,"") | AE70: =IF(($T70+$W70-$AB70)>=$T70+8000,W70,"")
A71: ISSAH | B71: IMOLE | C71: JUNIOR SECONDARY SCHOOL 2 | D71: 0 | E71: 0 | F71: 33000 | G71: 5000 | H71: 2000 | I71: 6000 | J71: =(1-$D71)*E71 -> 0 | K71: =(1-$D71)*F71 -> 33000 | L71: =G71 -> 5000 | M71: =(1-$D71)*H71 -> 2000 | N71: =(1-$D71)*I71 -> 6000 | O71: 19500 | P71: =14330-11400 -> 2930 | Q71: 0 | R71: 0 | S71: 0 | T71: 0 | U71: 0 | V71: 0 | W71: 0 | X71: 0 | Y71: 0 | Z71: =SUM(J71:Y71) -> 68430 | AA71: 40000 | AB71: =Z71-AA71 -> 28430 | AC71: =IF(AND($T71=6000, ($T71+$W71-$AB71)>=6000),T71,"") | AD71: =IF(AND($T71=8000, ($T71+$W71-$AB71)>=8000),T71,"") | AE71: =IF(($T71+$W71-$AB71)>=$T71+8000,W71,"")
A72: JAMIU | B72: FAIZAH AYANFE | C72: PLAYGROUP 1 | D72: 0.55 | E72: 0 | F72: 26000 | G72: 4000 | H72: 1000 | I72: 0 | J72: =(1-$D72)*E72 -> 0 | K72: =(1-$D72)*F72 -> 11700 | L72: =G72 -> 4000 | M72: =(1-$D72)*H72 -> 450 | N72: =(1-$D72)*I72 -> 0 | O72: 6840 | P72: 5300 | Q72: 0 | R72: 0 | S72: 0 | T72: 0 | U72: 0 | V72: 0 | W72: 0 | X72: 0 | Y72: 0 | Z72: =SUM(J72:Y72) -> 28290 | AA72: 29640 | AB72: =Z72-AA72 -> -1350 | AC72: =IF(AND($T72=6000, ($T72+$W72-$AB72)>=6000),T72,"") | AD72: =IF(AND($T72=8000, ($T72+$W72-$AB72)>=8000),T72,"") | AE72: =IF(($T72+$W72-$AB72)>=$T72+8000,W72,"") | AF72: BONUS
A73: JOHN | B73: MICHAEL | C73: NURSERY 1 | D73: 0.5 | E73: 0 | F73: 26000 | G73: 4000 | H73: 0 | I73: 0 | J73: =(1-$D73)*E73 -> 0 | K73: =(1-$D73)*F73 -> 13000 | L73: =G73 -> 4000 | M73: =(1-$D73)*H73 -> 0 | N73: =(1-$D73)*I73 -> 0 | O73: 13380 | P73: 7550 | Q73: 0 | R73: 0 | S73: 0 | T73: 0 | U73: 0 | V73: 0 | W73: 0 | X73: 0 | Y73: 8000 | Z73: =SUM(J73:Y73) -> 45930 | AA73: 15000 | AB73: =Z73-AA73 -> 30930 | AC73: =IF(AND($T73=6000, ($T73+$W73-$AB73)>=6000),T73,"") | AD73: =IF(AND($T73=8000, ($T73+$W73-$AB73)>=8000),T73,"") | AE73: =IF(($T73+$W73-$AB73)>=$T73+8000,W73,"")
A74: JOHN | B74: MISHAEL | C74: NURSERY 1 | D74: 0.5 | E74: 0 | F74: 26000 | G74: 4000 | H74: 0 | I74: 0 | J74: =(1-$D74)*E74 -> 0 | K74: =(1-$D74)*F74 -> 13000 | L74: =G74 -> 4000 | M74: =(1-$D74)*H74 -> 0 | N74: =(1-$D74)*I74 -> 0 | O74: 13380 | P74: 7550 | Q74: 0 | R74: 0 | S74: 0 | T74: 0 | U74: 0 | V74: 0 | W74: 0 | X74: 0 | Y74: 8000 | Z74: =SUM(J74:Y74) -> 45930 | AA74: 15000 | AB74: =Z74-AA74 -> 30930 | AC74: =IF(AND($T74=6000, ($T74+$W74-$AB74)>=6000),T74,"") | AD74: =IF(AND($T74=8000, ($T74+$W74-$AB74)>=8000),T74,"") | AE74: =IF(($T74+$W74-$AB74)>=$T74+8000,W74,"")
A75: JOHN | B75: JEDIDAH | C75: PRIMARY 4 | D75: 0.5 | E75: 0 | F75: 28000 | G75: 4000 | H75: 0 | I75: 5000 | J75: =(1-$D75)*E75 -> 0 | K75: =(1-$D75)*F75 -> 14000 | L75: =G75 -> 4000 | M75: =(1-$D75)*H75 -> 0 | N75: =(1-$D75)*I75 -> 2500 | O75: 27330 | P75: 13230 | Q75: 0 | R75: 0 | S75: 0 | T75: 0 | U75: 0 | V75: 0 | W75: 0 | X75: 0 | Y75: 8080 | Z75: =SUM(J75:Y75) -> 69140 | AA75: 20000 | AB75: =Z75-AA75 -> 49140 | AC75: =IF(AND($T75=6000, ($T75+$W75-$AB75)>=6000),T75,"") | AD75: =IF(AND($T75=8000, ($T75+$W75-$AB75)>=8000),T75,"") | AE75: =IF(($T75+$W75-$AB75)>=$T75+8000,W75,"")
A76: KELANI | B76: AZEEZAH ADEJARE | C76: PLAYGROUP 1 | D76: 0 | E76: 0 | F76: 26000 | G76: 4000 | H76: 1000 | I76: 0 | J76: =(1-$D76)*E76 -> 0 | K76: =(1-$D76)*F76 -> 26000 | L76: =G76 -> 4000 | M76: =(1-$D76)*H76 -> 1000 | N76: =(1-$D76)*I76 -> 0 | O76: 6840 | P76: 5300 | Q76: 0 | R76: 0 | S76: 0 | T76: 0 | U76: 0 | V76: 0 | W76: 0 | X76: 0 | Y76: 0 | Z76: =SUM(J76:Y76) -> 43140 | AA76: 0 | AB76: =Z76-AA76 -> 43140 | AC76: =IF(AND($T76=6000, ($T76+$W76-$AB76)>=6000),T76,"") | AD76: =IF(AND($T76=8000, ($T76+$W76-$AB76)>=8000),T76,"") | AE76: =IF(($T76+$W76-$AB76)>=$T76+8000,W76,"")
A77: KOLADE | B77: JEMIMAH AYOMIDE | C77: NURSERY 2 | D77: 0.25 | E77: 0 | F77: 26000 | G77: 4000 | H77: 0 | I77: 0 | J77: =(1-$D77)*E77 -> 0 | K77: =(1-$D77)*F77 -> 19500 | L77: =G77 -> 4000 | M77: =(1-$D77)*H77 -> 0 | N77: =(1-$D77)*I77 -> 0 | O77: 24930 | P77: 10730 | Q77: 0 | R77: 0 | S77: 0 | T77: 6000 | U77: 0 | V77: 0 | W77: 0 | X77: 0 | Y77: 0 | Z77: =SUM(J77:Y77) -> 65160 | AA77: 65160 | AB77: =Z77-AA77 -> 0 | AC77: =IF(AND($T77=6000, ($T77+$W77-$AB77)>=6000),T77,"") -> 6000 | AD77: =IF(AND($T77=8000, ($T77+$W77-$AB77)>=8000),T77,"") | AE77: =IF(($T77+$W77-$AB77)>=$T77+8000,W77,"")
A78: KOLADE | B78: JOSHUA IDEMUDIA | C78: PLAYGROUP 1 | D78: 0.25 | E78: 0 | F78: 26000 | G78: 4000 | H78: 1000 | I78: 0 | J78: =(1-$D78)*E78 -> 0 | K78: =(1-$D78)*F78 -> 19500 | L78: =G78 -> 4000 | M78: =(1-$D78)*H78 -> 750 | N78: =(1-$D78)*I78 -> 0 | O78: 6840 | P78: 5300 | Q78: 0 | R78: 0 | S78: 0 | T78: 0 | U78: 0 | V78: 0 | W78: 0 | X78: 0 | Y78: -500 | Z78: =SUM(J78:Y78) -> 35890 | AA78: 35890 | AB78: =Z78-AA78 -> 0 | AC78: =IF(AND($T78=6000, ($T78+$W78-$AB78)>=6000),T78,"") | AD78: =IF(AND($T78=8000, ($T78+$W78-$AB78)>=8000),T78,"") | AE78: =IF(($T78+$W78-$AB78)>=$T78+8000,W78,"")
A79: KOLAWOLE | B79: STEPHEN | C79: NURSERY 1 | D79: 0.25 | E79: 0 | F79: 26000 | G79: 4000 | H79: 0 | I79: 0 | J79: =(1-$D79)*E79 -> 0 | K79: =(1-$D79)*F79 -> 19500 | L79: =G79 -> 4000 | M79: =(1-$D79)*H79 -> 0 | N79: =(1-$D79)*I79 -> 0 | O79: 13380 | P79: 7550 | Q79: 16000 | R79: 0 | S79: 0 | T79: 6000 | U79: 0 | V79: 0 | W79: 0 | X79: 0 | Y79: 0 | Z79: =SUM(J79:Y79) -> 66430 | AA79: 15000 | AB79: =Z79-AA79 -> 51430 | AC79: =IF(AND($T79=6000, ($T79+$W79-$AB79)>=6000),T79,"") | AD79: =IF(AND($T79=8000, ($T79+$W79-$AB79)>=8000),T79,"") | AE79: =IF(($T79+$W79-$AB79)>=$T79+8000,W79,"")
A80: KOLAWOLE | B80: GABRIEL | C80: PLAYGROUP 1 | D80: 0.25 | E80: 0 | F80: 26000 | G80: 4000 | H80: 1000 | I80: 0 | J80: =(1-$D80)*E80 -> 0 | K80: =(1-$D80)*F80 -> 19500 | L80: =G80 -> 4000 | M80: =(1-$D80)*H80 -> 750 | N80: =(1-$D80)*I80 -> 0 | O80: 6840 | P80: 5300 | Q80: 0 | R80: 0 | S80: 0 | T80: 0 | U80: 0 | V80: 0 | W80: 0 | X80: 0 | Y80: 0 | Z80: =SUM(J80:Y80) -> 36390 | AA80: 15000 | AB80: =Z80-AA80 -> 21390 | AC80: =IF(AND($T80=6000, ($T80+$W80-$AB80)>=6000),T80,"") | AD80: =IF(AND($T80=8000, ($T80+$W80-$AB80)>=8000),T80,"") | AE80: =IF(($T80+$W80-$AB80)>=$T80+8000,W80,"")
A81: KONNEH | B81: UMAR IREBAMI | C81: NURSERY 1 | D81: 0.25 | E81: 0 | F81: 26000 | G81: 4000 | H81: 0 | I81: 0 | J81: =(1-$D81)*E81 -> 0 | K81: =(1-$D81)*F81 -> 19500 | L81: =G81 -> 4000 | M81: =(1-$D81)*H81 -> 0 | N81: =(1-$D81)*I81 -> 0 | O81: 13380 | P81: 4850 | Q81: 0 | R81: 0 | S81: 0 | T81: 0 | U81: 0 | V81: 0 | W81: 0 | X81: 0 | Y81: 0 | Z81: =SUM(J81:Y81) -> 41730 | AA81: 25000 | AB81: =Z81-AA81 -> 16730 | AC81: =IF(AND($T81=6000, ($T81+$W81-$AB81)>=6000),T81,"") | AD81: =IF(AND($T81=8000, ($T81+$W81-$AB81)>=8000),T81,"") | AE81: =IF(($T81+$W81-$AB81)>=$T81+8000,W81,"")
A82: KONNEH | B82: AYISHA GOLD | C82: PRIMARY 3 | D82: 0.25 | E82: 0 | F82: 28000 | G82: 4000 | H82: 0 | I82: 5000 | J82: =(1-$D82)*E82 -> 0 | K82: =(1-$D82)*F82 -> 21000 | L82: =G82 -> 4000 | M82: =(1-$D82)*H82 -> 0 | N82: =(1-$D82)*I82 -> 3750 | O82: 27310 | P82: 13230 | Q82: 0 | R82: 0 | S82: 0 | T82: 0 | U82: 0 | V82: 0 | W82: 0 | X82: 0 | Y82: -695 | Z82: =SUM(J82:Y82) -> 68595 | AA82: 25000 | AB82: =Z82-AA82 -> 43595 | AC82: =IF(AND($T82=6000, ($T82+$W82-$AB82)>=6000),T82,"") | AD82: =IF(AND($T82=8000, ($T82+$W82-$AB82)>=8000),T82,"") | AE82: =IF(($T82+$W82-$AB82)>=$T82+8000,W82,"")
A83: MORADEYO | B83: PRISCILLA OLUWADARASIMI | C83: PRIMARY 2 | D83: 0 | E83: 2000 | F83: 28000 | G83: 4000 | H83: 2500 | I83: 5000 | J83: =(1-$D83)*E83 -> 2000 | K83: =(1-$D83)*F83 -> 28000 | L83: =G83 -> 4000 | M83: =(1-$D83)*H83 -> 2500 | N83: =(1-$D83)*I83 -> 5000 | O83: 26150 | P83: 11330 | Q83: 16000 | R83: 8000 | S83: 7000 | T83: 6000 | U83: 0 | V83: 0 | W83: 0 | X83: 0 | Y83: 0 | Z83: =SUM(J83:Y83) -> 115980 | AA83: 116000 | AB83: =Z83-AA83 -> -20 | AC83: =IF(AND($T83=6000, ($T83+$W83-$AB83)>=6000),T83,"") -> 6000 | AD83: =IF(AND($T83=8000, ($T83+$W83-$AB83)>=8000),T83,"") | AE83: =IF(($T83+$W83-$AB83)>=$T83+8000,W83,"")
A84: MORAKINYO | B84: TESTIMONY AYANFE | C84: PRIMARY 5 | D84: 0.25 | E84: 2000 | F84: 28000 | G84: 4000 | H84: 2500 | I84: 5000 | J84: =(1-$D84)*E84 -> 1500 | K84: =(1-$D84)*F84 -> 21000 | L84: =G84 -> 4000 | M84: =(1-$D84)*H84 -> 1875 | N84: =(1-$D84)*I84 -> 3750 | O84: 28790 | P84: 13230 | Q84: 16000 | R84: 8000 | S84: 7000 | T84: 6000 | U84: 0 | V84: 0 | W84: 0 | X84: 0 | Y84: 0 | Z84: =SUM(J84:Y84) -> 111145 | AA84: 40000 | AB84: =Z84-AA84 -> 71145 | AC84: =IF(AND($T84=6000, ($T84+$W84-$AB84)>=6000),T84,"") | AD84: =IF(AND($T84=8000, ($T84+$W84-$AB84)>=8000),T84,"") | AE84: =IF(($T84+$W84-$AB84)>=$T84+8000,W84,"")
A85: MOSES | B85: HEPHZIBAH TOLUWALASE | C85: NURSERY 1 | D85: 0 | E85: 0 | F85: 26000 | G85: 4000 | H85: 0 | I85: 0 | J85: =(1-$D85)*E85 -> 0 | K85: =(1-$D85)*F85 -> 26000 | L85: =G85 -> 4000 | M85: =(1-$D85)*H85 -> 0 | N85: =(1-$D85)*I85 -> 0 | O85: 13380 | P85: 7550 | Q85: 0 | R85: 0 | S85: 0 | T85: 0 | U85: 0 | V85: 0 | W85: 0 | X85: 0 | Y85: 14000 | Z85: =SUM(J85:Y85) -> 64930 | AA85: 87000 | AB85: =Z85-AA85 -> -22070 | AC85: =IF(AND($T85=6000, ($T85+$W85-$AB85)>=6000),T85,"") | AD85: =IF(AND($T85=8000, ($T85+$W85-$AB85)>=8000),T85,"") | AE85: =IF(($T85+$W85-$AB85)>=$T85+8000,W85,"") -> 0
A86: MUTAIRU | B86: IBRAHIM GBOLAHAN | C86: JUNIOR SECONDARY SCHOOL 2 | D86: 0.3 | E86: 0 | F86: 33000 | G86: 5000 | H86: 2000 | I86: 6000 | J86: =(1-$D86)*E86 -> 0 | K86: =(1-$D86)*F86 -> 23100 | L86: =G86 -> 5000 | M86: =(1-$D86)*H86 -> 1400 | N86: =(1-$D86)*I86 -> 4200 | O86: =19500-11160 -> 8340 | P86: =14330-5700 -> 8630 | Q86: 0 | R86: 0 | S86: 0 | T86: 0 | U86: 0 | V86: 0 | W86: 0 | X86: 0 | Y86: 0 | Z86: =SUM(J86:Y86) -> 50670 | AA86: 35700 | AB86: =Z86-AA86 -> 14970 | AC86: =IF(AND($T86=6000, ($T86+$W86-$AB86)>=6000),T86,"") | AD86: =IF(AND($T86=8000, ($T86+$W86-$AB86)>=8000),T86,"") | AE86: =IF(($T86+$W86-$AB86)>=$T86+8000,W86,"")
A87: MUTAIRU | B87: ISMAIL ABIODUN | C87: PRIMARY 3 | D87: 0.25 | E87: 0 | F87: 28000 | G87: 4000 | H87: 0 | I87: 5000 | J87: =(1-$D87)*E87 -> 0 | K87: =(1-$D87)*F87 -> 21000 | L87: =G87 -> 4000 | M87: =(1-$D87)*H87 -> 0 | N87: =(1-$D87)*I87 -> 3750 | O87: 27310 | P87: 10740 | Q87: 0 | R87: 0 | S87: 0 | T87: 0 | U87: 0 | V87: 0 | W87: 0 | X87: 0 | Y87: 450 | Z87: =SUM(J87:Y87) -> 67250 | AA87: 38790 | AB87: =Z87-AA87 -> 28460 | AC87: =IF(AND($T87=6000, ($T87+$W87-$AB87)>=6000),T87,"") | AD87: =IF(AND($T87=8000, ($T87+$W87-$AB87)>=8000),T87,"") | AE87: =IF(($T87+$W87-$AB87)>=$T87+8000,W87,"")
A88: MUTAIRU | B88: MARIAM OMOSHALEWA | C88: SENIOR SECONDARY SCHOOL 2 | D88: 1 | E88: 0 | F88: 40000 | G88: 5000 | H88: 2000 | I88: 8000 | J88: =(1-$D88)*E88 -> 0 | K88: =(1-$D88)*F88 -> 0 | L88: =G88 -> 5000 | M88: =(1-$D88)*H88 -> 0 | N88: =(1-$D88)*I88 -> 0 | O88: 11880 | P88: =14330-5700 -> 8630 | Q88: 0 | R88: 0 | S88: 0 | T88: 0 | U88: 0 | V88: 0 | W88: 0 | X88: 0 | Y88: 0 | Z88: =SUM(J88:Y88) -> 25510 | AA88: 25510 | AB88: =Z88-AA88 -> 0 | AC88: =IF(AND($T88=6000, ($T88+$W88-$AB88)>=6000),T88,"") | AD88: =IF(AND($T88=8000, ($T88+$W88-$AB88)>=8000),T88,"") | AE88: =IF(($T88+$W88-$AB88)>=$T88+8000,W88,"")
A89: NELSON | B89: HARRY EMMANUEL OBALOLUWA | C89: NURSERY 1 | D89: 0 | E89: 0 | F89: 26000 | G89: 4000 | H89: 0 | I89: 0 | J89: =(1-$D89)*E89 -> 0 | K89: =(1-$D89)*F89 -> 26000 | L89: =G89 -> 4000 | M89: =(1-$D89)*H89 -> 0 | N89: =(1-$D89)*I89 -> 0 | O89: 13380 | P89: 7550 | Q89: 8000 | R89: 0 | S89: 0 | T89: 0 | U89: 0 | V89: 0 | W89: 0 | X89: 0 | Y89: 7000 | Z89: =SUM(J89:Y89) -> 65930 | AA89: 50000 | AB89: =Z89-AA89 -> 15930 | AC89: =IF(AND($T89=6000, ($T89+$W89-$AB89)>=6000),T89,"") | AD89: =IF(AND($T89=8000, ($T89+$W89-$AB89)>=8000),T89,"") | AE89: =IF(($T89+$W89-$AB89)>=$T89+8000,W89,"")
A90: NURUDEEN | B90: ABU-BAKIR | C90: JUNIOR SECONDARY SCHOOL 1 | D90: 0 | E90: 3000 | F90: 33000 | G90: 5000 | H90: 2000 | I90: 6000 | J90: =(1-$D90)*E90 -> 3000 | K90: =(1-$D90)*F90 -> 33000 | L90: =G90 -> 5000 | M90: =(1-$D90)*H90 -> 2000 | N90: =(1-$D90)*I90 -> 6000 | O90: 19320 | P90: 16190 | Q90: 12000 | R90: 8000 | S90: 8000 | T90: 8000 | U90: 0 | V90: 0 | W90: 0 | X90: 0 | Y90: 0 | Z90: =SUM(J90:Y90) -> 120510 | AA90: 90000 | AB90: =Z90-AA90 -> 30510 | AC90: =IF(AND($T90=6000, ($T90+$W90-$AB90)>=6000),T90,"") | AD90: =IF(AND($T90=8000, ($T90+$W90-$AB90)>=8000),T90,"") | AE90: =IF(($T90+$W90-$AB90)>=$T90+8000,W90,"")
A91: OBEY | B91: TAIWO EYITAYO | C91: PLAYGROUP 1 | D91: 0.25 | E91: 0 | F91: 26000 | G91: 4000 | H91: 1000 | I91: 0 | J91: =(1-$D91)*E91 -> 0 | K91: =(1-$D91)*F91 -> 19500 | L91: =G91 -> 4000 | M91: =(1-$D91)*H91 -> 750 | N91: =(1-$D91)*I91 -> 0 | O91: 6840 | P91: 5300 | Q91: 0 | R91: 0 | S91: 0 | T91: 0 | U91: 0 | V91: 0 | W91: 0 | X91: 0 | Y91: 19200 | Z91: =SUM(J91:Y91) -> 55590 | AA91: 25000 | AB91: =Z91-AA91 -> 30590 | AC91: =IF(AND($T91=6000, ($T91+$W91-$AB91)>=6000),T91,"") | AD91: =IF(AND($T91=8000, ($T91+$W91-$AB91)>=8000),T91,"") | AE91: =IF(($T91+$W91-$AB91)>=$T91+8000,W91,"")
A92: OBEY | B92: KEHINDE AYOLEYI | C92: PLAYGROUP 1 | D92: 0.25 | E92: 0 | F92: 26000 | G92: 4000 | H92: 1000 | I92: 0 | J92: =(1-$D92)*E92 -> 0 | K92: =(1-$D92)*F92 -> 19500 | L92: =G92 -> 4000 | M92: =(1-$D92)*H92 -> 750 | N92: =(1-$D92)*I92 -> 0 | O92: 6840 | P92: 5300 | Q92: 0 | R92: 0 | S92: 0 | T92: 0 | U92: 0 | V92: 0 | W92: 0 | X92: 0 | Y92: 19200 | Z92: =SUM(J92:Y92) -> 55590 | AA92: 25000 | AB92: =Z92-AA92 -> 30590 | AC92: =IF(AND($T92=6000, ($T92+$W92-$AB92)>=6000),T92,"") | AD92: =IF(AND($T92=8000, ($T92+$W92-$AB92)>=8000),T92,"") | AE92: =IF(($T92+$W92-$AB92)>=$T92+8000,W92,"")
A93: OGOOLUWADE | B93: JOSEPH | C93: NURSERY 1 | D93: 0 | E93: 2000 | F93: 26000 | G93: 4000 | H93: 1000 | I93: 0 | J93: =(1-$D93)*E93 -> 2000 | K93: =(1-$D93)*F93 -> 26000 | L93: =G93 -> 4000 | M93: =(1-$D93)*H93 -> 1000 | N93: =(1-$D93)*I93 -> 0 | O93: 13380 | P93: 7550 | Q93: 16000 | R93: 8000 | S93: 7000 | T93: 0 | U93: 0 | V93: 0 | W93: 0 | X93: 0 | Y93: 0 | Z93: =SUM(J93:Y93) -> 84930 | AA93: 40000 | AB93: =Z93-AA93 -> 44930 | AC93: =IF(AND($T93=6000, ($T93+$W93-$AB93)>=6000),T93,"") | AD93: =IF(AND($T93=8000, ($T93+$W93-$AB93)>=8000),T93,"") | AE93: =IF(($T93+$W93-$AB93)>=$T93+8000,W93,"")
A94: OGUNSANYA | B94: OPETOSIMI GRACE | C94: NURSERY 2 | D94: 0.25 | E94: 2000 | F94: 26000 | G94: 4000 | H94: 1000 | I94: 0 | J94: =(1-$D94)*E94 -> 1500 | K94: =(1-$D94)*F94 -> 19500 | L94: =G94 -> 4000 | M94: =(1-$D94)*H94 -> 750 | N94: =(1-$D94)*I94 -> 0 | O94: 24930 | P94: 10730 | Q94: 16000 | R94: 8000 | S94: 7000 | T94: 0 | U94: 0 | V94: 0 | W94: 0 | X94: 0 | Y94: 0 | Z94: =SUM(J94:Y94) -> 92410 | AA94: =13670+12440 -> 26110 | AB94: =Z94-AA94 -> 66300 | AC94: =IF(AND($T94=6000, ($T94+$W94-$AB94)>=6000),T94,"") | AD94: =IF(AND($T94=8000, ($T94+$W94-$AB94)>=8000),T94,"") | AE94: =IF(($T94+$W94-$AB94)>=$T94+8000,W94,"")
A95: OGUNSANYA | B95: OLUWAFERANMI BLESSED | C95: PLAYGROUP 1 | D95: 0.25 | E95: 2000 | F95: 26000 | G95: 4000 | H95: 1000 | I95: 0 | J95: =(1-$D95)*E95 -> 1500 | K95: =(1-$D95)*F95 -> 19500 | L95: =G95 -> 4000 | M95: =(1-$D95)*H95 -> 750 | N95: =(1-$D95)*I95 -> 0 | O95: 6840 | P95: 5300 | Q95: 16000 | R95: 8000 | S95: 7000 | T95: 0 | U95: 0 | V95: 0 | W95: 0 | X95: 0 | Y95: 0 | Z95: =SUM(J95:Y95) -> 68890 | AA95: 68890 | AB95: =Z95-AA95 -> 0 | AC95: =IF(AND($T95=6000, ($T95+$W95-$AB95)>=6000),T95,"") | AD95: =IF(AND($T95=8000, ($T95+$W95-$AB95)>=8000),T95,"") | AE95: =IF(($T95+$W95-$AB95)>=$T95+8000,W95,"") | AF95: BONUS
A96: OLABIYI | B96: TIARAOLUWA ESTHER | C96: CRECHE | D96: 0 | E96: 2000 | F96: 26000 | G96: 2000 | H96: 0 | I96: 0 | J96: =(1-$D96)*E96 -> 2000 | K96: =(1-$D96)*F96 -> 26000 | L96: =G96 -> 2000 | M96: =(1-$D96)*H96 -> 0 | N96: =(1-$D96)*I96 -> 0 | O96: 0 | P96: 3050 | Q96: 0 | R96: 0 | S96: 0 | T96: 0 | U96: 0 | V96: 0 | W96: 0 | X96: 0 | Y96: 0 | Z96: =SUM(J96:Y96) -> 33050 | AA96: 49050 | AB96: =Z96-AA96 -> -16000
A97: OLADAPO | B97: JEMIMA OLAOLUWAKITAN | C97: PLAYGROUP 1 | D97: 0.25 | E97: 0 | F97: 26000 | G97: 4000 | H97: 1000 | I97: 0 | J97: =(1-$D97)*E97 -> 0 | K97: =(1-$D97)*F97 -> 19500 | L97: =G97 -> 4000 | M97: =(1-$D97)*H97 -> 750 | N97: =(1-$D97)*I97 -> 0 | O97: 6840 | P97: 5300 | Q97: 16000 | R97: 8000 | S97: 0 | T97: 0 | U97: 0 | V97: 0 | W97: 0 | X97: 0 | Y97: 0 | Z97: =SUM(J97:Y97) -> 60390 | AA97: 40000 | AB97: =Z97-AA97 -> 20390 | AC97: =IF(AND($T97=6000, ($T97+$W97-$AB97)>=6000),T97,"") | AD97: =IF(AND($T97=8000, ($T97+$W97-$AB97)>=8000),T97,"") | AE97: =IF(($T97+$W97-$AB97)>=$T97+8000,W97,"")
A98: OLADAPO | B98: JASON ANJOLAOLUWA | C98: PRIMARY 1 | D98: 0.25 | E98: 0 | F98: 28000 | G98: 4000 | H98: 2500 | I98: 5000 | J98: =(1-$D98)*E98 -> 0 | K98: =(1-$D98)*F98 -> 21000 | L98: =G98 -> 4000 | M98: =(1-$D98)*H98 -> 1875 | N98: =(1-$D98)*I98 -> 3750 | O98: 25970 | P98: 11330 | Q98: 16000 | R98: 0 | S98: 0 | T98: 0 | U98: 0 | V98: 0 | W98: 0 | X98: 0 | Y98: 0 | Z98: =SUM(J98:Y98) -> 83925 | AA98: 40000 | AB98: =Z98-AA98 -> 43925 | AC98: =IF(AND($T98=6000, ($T98+$W98-$AB98)>=6000),T98,"") | AD98: =IF(AND($T98=8000, ($T98+$W98-$AB98)>=8000),T98,"") | AE98: =IF(($T98+$W98-$AB98)>=$T98+8000,W98,"")
A99: OLADEJO | B99: JESUTOFUNMI PRECIOUS | C99: NURSERY 1 | D99: 0 | E99: 0 | F99: 26000 | G99: 4000 | H99: 0 | I99: 0 | J99: =(1-$D99)*E99 -> 0 | K99: =(1-$D99)*F99 -> 26000 | L99: =G99 -> 4000 | M99: =(1-$D99)*H99 -> 0 | N99: =(1-$D99)*I99 -> 0 | O99: 13380 | P99: 7550 | Q99: 0 | R99: 0 | S99: 0 | T99: 0 | U99: 0 | V99: 0 | W99: 0 | X99: 0 | Y99: -3030 | Z99: =SUM(J99:Y99) -> 47900 | AA99: 27900 | AB99: =Z99-AA99 -> 20000 | AC99: =IF(AND($T99=6000, ($T99+$W99-$AB99)>=6000),T99,"") | AD99: =IF(AND($T99=8000, ($T99+$W99-$AB99)>=8000),T99,"") | AE99: =IF(($T99+$W99-$AB99)>=$T99+8000,W99,"")
A100: OLADOSU | B100: ABDULLAHI OLUWASEYI | C100: NURSERY 1 | D100: 0 | E100: 2000 | F100: 26000 | G100: 4000 | H100: 1000 | I100: 0 | J100: =(1-$D100)*E100 -> 2000 | K100: =(1-$D100)*F100 -> 26000 | L100: =G100 -> 4000 | M100: =(1-$D100)*H100 -> 1000 | N100: =(1-$D100)*I100 -> 0 | O100: 13380 | P100: 7550 | Q100: 16000 | R100: 8000 | S100: 7000 | T100: 6000 | U100: 0 | V100: 0 | W100: 0 | X100: 0 | Y100: 0 | Z100: =SUM(J100:Y100) -> 90930 | AA100: 82000 | AB100: =Z100-AA100 -> 8930 | AC100: =IF(AND($T100=6000, ($T100+$W100-$AB100)>=6000),T100,"") | AD100: =IF(AND($T100=8000, ($T100+$W100-$AB100)>=8000),T100,"") | AE100: =IF(($T100+$W100-$AB100)>=$T100+8000,W100,"")
...

Sheet 1ST TERM PAY LOG
A1: DATE | B1: BANK | C1: NARRATION | D1: CREDIT | E1: STUDENT | F1: =SUMIF(E1:E1000, "<>", D1:D1000) -> 5264265
A2: 46278 | B2: WEMA | C2: NIP:AYOBAMI KASALI | D2: 60000 | E2: ABDULAZEEZ FAMILY
A3: 46306 | B3: WEMA | C3: AYOBAMI KASALI - Abdulazeez Abdullah Balance | D3: 21180 | E3: ABDULAZEEZ FAMILY
A4: 46300 | B4: WEMA | C4: NIP:SAIDI ABIOLA LATEEF | D4: 40000 | E4: ABDULLATEEF MUHAMMED
A5: 46277 | B5: WEMA | C5: NIP:JOHN ABIODUN SAMSON | D5: 30000 | E5: ABIODUN DANIEL
A6: 46265 | B6: WEMA | C6: NIP:ABIMBOLA ADENIKE ALABI | D6: 60000 | E6: ABIODUN FAMILY
A7: 46280 | B7: WEMA | C7: NIP:MARIAM WURAOLA ABIDOLA | D7: 40000 | E7: ADEBOWALE MARTIN
A8: 46282 | B8: WEMA | C8: NIP:MARIAM WURAOLA ABIDOLA | D8: 50000 | E8: ADEBOWALE MARTIN
A9: 46286 | B9: WEMA | C9: NIP:MARIAM WURAOLA ABIDOLA | D9: 29000 | E9: ADEBOWALE MARTIN
A10: 46286 | B10: WEMA | C10: NIP:EBENEZER OLALEKAN ADEBOYE | D10: 50000 | E10: ADEBOYE FAMILY
A11: 46299 | B11: WEMA | C11: NIP:EBENEZER OLALEKAN ADEBOYE | D11: 20000 | E11: ADEBOYE FAMILY
A12: 46268 | B12: WEMA | C12: NIP:SUKURA DASOLA MUKAILA | D12: 42140 | E12: ADEDAMOLA IREMIDE
A13: 46280 | B13: WEMA | C13: NIP:TUNDE ADEGOKE OJO | D13: 80000 | E13: ADEDAYO FAMILY
... A116: 46290 | B116: WEMA | C116: NIP:FATIMO OMOLABAKE ADEYEMO | D116: 16880 | E116: WAHAB FAIZA
A117: 46279 | B117: MONIEPOINT | C117: damilola oluwapeju samuel | D117: 20180
A118: 46304 | B118: WEMA | C118: NIP:JOHN ABIODUN SAMSON | D118: 20200
A119: 46307 | B119: WEMA | C119: NIP:SAHEED ADEKUNLE ADEBUNMI | D119: 113750 | E119: ADEBUNMI FAMILY

Sheet 1ST TERM REMIT
B1: PRIMARY LESSON | C1: TOTAL AMOUNT TO REMIT (70%) | D1: AMOUNT REMITTED | E1: DATE REMITTED | F1: CURRENT BALANCE
A2: AMOUNT RECEIVED | B2: ='1ST TERM ACCOUNT'!AC137 -> 78000 | C2: =B2*0.7 -> 54600 | F2: =$C$2-D2 -> 54600
A3: TOTAL EXPECTED AMOUNT | B3: =SUMIF('1ST TERM ACCOUNT'!T13:T136,6000) -> 216000 | F3: =$C$2-(D2+D3) -> 54600
A4: EXPECTED BALANCE | B4: =B3-B2 -> 138000 | F4: =$C$2-(D2+D3+D4) -> 54600
F5: =$C$2-(D2+D3+D4+D5) -> 54600
B7: SECONDARY LESSON | C7: TOTAL AMOUNT TO REMIT (70%) | D7: AMOUNT REMITTED | E7: DATE REMITTED | F7: CURRENT BALANCE
A8: AMOUNT RECEIVED | B8: ='1ST TERM ACCOUNT'!AD137 -> 0 | C8: =B8*0.7 -> 0 | F8: =$C$8-D8 -> 0
A9: TOTAL EXPECTED AMOUNT | B9: =SUMIF('1ST TERM ACCOUNT'!T13:T136,8000) -> 32000 | F9: =$C$8-(D8+D9) -> 0
A10: EXPECTED BALANCE | B10: =B9-B8 -> 32000 | F10: =$C$8-(D8+D9+D10) -> 0
F11: =$C$8-(D8+D9+D10+D11) -> 0
B13: PARTY DUES | C13: TOTAL AMOUNT TO REMIT (100%) | D13: AMOUNT REMITTED | E13: DATE REMITTED | F13: CURRENT BALANCE
A14: AMOUNT RECEIVED | B14: ='1ST TERM ACCOUNT'!AE137 -> 0 | C14: =B14 -> 0 | F14: =$C$14-D14 -> 0
A15: TOTAL EXPECTED AMOUNT | B15: =SUM('1ST TERM ACCOUNT'!W13:W136) -> 0 | F15: =$C$14-(D14+D15) -> 0
A16: EXPECTED BALANCE | B16: =B15-B14 -> 0 | F16: =$C$14-(D14+D15+D16) -> 0
F17: =$C$14-(D14+D15+D16+D17) -> 0
F18: =$C$14-(D15+D16+D17+D18+D14) -> 0
F19: =$C$14-(D14+D15+D16+D17+D18+D19) -> 0
